Timestamp,Filename,Status,Time(s),MSE,PSNR,SNR,Info,CPU(%),RAM(MB)
21:07:42,A Classic Education - NightOwl_bass.wav,Success,2.0261,0.0000,55.45,37.79,Phase_FFT,88.30,87.58
21:07:46,A Classic Education - NightOwl_drums.wav,Success,1.6945,0.0000,44.89,11.62,Phase_FFT,86.70,58.92
21:07:48,A Classic Education - NightOwl_mixture.wav,Success,1.5207,0.0055,22.59,6.64,Phase_FFT,89.40,58.89
21:07:51,A Classic Education - NightOwl_other.wav,Success,1.4802,0.0006,32.55,9.95,Phase_FFT,89.20,59.02
21:07:54,A Classic Education - NightOwl_vocals.wav,Success,1.5078,0.0002,36.72,10.45,Phase_FFT,90.20,58.86
21:07:57,AM Contra - Heart Peripheral_bass.wav,Success,2.1176,0.0000,94.78,68.33,Phase_FFT,87.40,51.73
21:08:01,AM Contra - Heart Peripheral_drums.wav,Success,1.9906,0.0035,24.56,2.50,Phase_FFT,88.40,51.83
21:08:04,AM Contra - Heart Peripheral_mixture.wav,Success,2.0209,0.0091,20.40,2.20,Phase_FFT,90.50,51.64
21:08:08,AM Contra - Heart Peripheral_other.wav,Success,1.8870,0.0000,46.20,21.50,Phase_FFT,88.50,51.58
21:08:12,AM Contra - Heart Peripheral_vocals.wav,Success,2.5048,0.0011,29.78,4.86,Phase_FFT,84.60,51.88
21:08:16,ANiMAL - Clinic A_bass.wav,Success,2.0409,0.0000,47.88,27.30,Phase_FFT,88.70,51.79
21:08:19,ANiMAL - Clinic A_drums.wav,Success,2.2897,0.0000,51.22,24.05,Phase_FFT,90.40,51.67
21:08:23,ANiMAL - Clinic A_mixture.wav,Success,2.2124,0.0116,19.35,2.09,Phase_FFT,90.80,51.80
21:08:28,ANiMAL - Clinic A_other.wav,Success,2.7816,0.0021,26.69,4.18,Phase_FFT,85.20,51.66
21:08:32,ANiMAL - Clinic A_vocals.wav,Success,2.3284,0.0014,28.63,2.64,Phase_FFT,89.70,51.93
21:08:36,ANiMAL - Easy Tiger_bass.wav,Success,1.9408,0.0000,71.88,48.19,Phase_FFT,90.10,51.67
21:08:40,ANiMAL - Easy Tiger_drums.wav,Success,2.6543,0.0025,26.07,2.59,Phase_FFT,85.90,51.73
21:08:44,ANiMAL - Easy Tiger_mixture.wav,Success,2.2602,0.0099,20.06,1.78,Phase_FFT,89.40,51.90
21:08:48,ANiMAL - Easy Tiger_other.wav,Success,2.0768,0.0013,28.90,3.68,Phase_FFT,89.10,51.84
21:08:51,ANiMAL - Easy Tiger_vocals.wav,Success,2.0088,0.0005,32.69,7.69,Phase_FFT,90.10,51.94
21:08:55,ANiMAL - Rockshow_bass.wav,Success,2.0131,0.0002,36.21,14.07,Phase_FFT,83.40,58.76
21:08:59,ANiMAL - Rockshow_drums.wav,Success,1.8188,0.0015,28.25,4.26,Phase_FFT,89.00,58.84
21:09:02,ANiMAL - Rockshow_mixture.wav,Success,1.8853,0.0091,20.40,1.86,Phase_FFT,88.00,58.95
21:09:05,ANiMAL - Rockshow_other.wav,Success,1.6111,0.0009,30.58,3.09,Phase_FFT,86.90,58.91
21:09:08,ANiMAL - Rockshow_vocals.wav,Success,1.6258,0.0014,28.60,1.94,Phase_FFT,88.60,58.80
21:09:12,Actions - Devil's Words_bass.wav,Success,2.1713,0.0000,63.20,39.91,Phase_FFT,85.20,51.76
21:09:15,Actions - Devil's Words_drums.wav,Success,1.6941,0.0032,25.00,2.35,Phase_FFT,89.70,51.97
21:09:18,Actions - Devil's Words_mixture.wav,Success,1.9040,0.0176,17.55,1.50,Phase_FFT,90.30,51.90
21:09:22,Actions - Devil's Words_other.wav,Success,1.9459,0.0023,26.41,4.39,Phase_FFT,89.90,51.89
21:09:25,Actions - Devil's Words_vocals.wav,Success,2.1074,0.0058,22.34,1.58,Phase_FFT,87.30,51.62
21:09:29,Actions - One Minute Smile_bass.wav,Success,1.4389,0.0000,72.04,43.49,Phase_FFT,88.90,86.55
21:09:31,Actions - One Minute Smile_drums.wav,Success,1.6623,0.0038,24.20,2.12,Phase_FFT,88.40,59.05
21:09:34,Actions - One Minute Smile_mixture.wav,Success,1.4260,0.0172,17.64,1.29,Phase_FFT,90.40,59.17
21:09:38,Actions - One Minute Smile_other.wav,Success,1.8003,0.0014,28.47,6.67,Phase_FFT,86.60,58.94
21:09:41,Actions - One Minute Smile_vocals.wav,Success,2.0334,0.0056,22.52,2.04,Phase_FFT,87.00,58.99
21:09:45,Actions - South Of The Water_bass.wav,Success,1.6500,0.0000,68.35,48.13,Phase_FFT,89.70,88.62
21:09:48,Actions - South Of The Water_drums.wav,Success,1.8318,0.0023,26.36,2.32,Phase_FFT,90.10,58.94
21:09:52,Actions - South Of The Water_mixture.wav,Success,1.9840,0.0177,17.53,1.43,Phase_FFT,87.70,58.93
21:09:55,Actions - South Of The Water_other.wav,Success,2.0815,0.0005,33.31,9.81,Phase_FFT,87.90,58.98
21:09:58,Actions - South Of The Water_vocals.wav,Success,1.5702,0.0045,23.46,1.70,Phase_FFT,86.00,58.98
21:10:02,Aimee Norwich - Child_bass.wav,Success,1.8035,0.0000,56.33,37.76,Phase_FFT,89.30,62.52
21:10:05,Aimee Norwich - Child_drums.wav,Success,1.8378,0.0010,29.86,6.18,Phase_FFT,90.30,62.79
21:10:10,Aimee Norwich - Child_mixture.wav,Success,2.5274,0.0083,20.81,4.41,Phase_FFT,84.70,62.77
21:10:14,Aimee Norwich - Child_other.wav,Success,1.9494,0.0000,46.25,21.72,Phase_FFT,89.20,62.75
21:10:17,Aimee Norwich - Child_vocals.wav,Success,2.0126,0.0003,35.64,6.46,Phase_FFT,91.40,62.75
21:10:22,Al James - Schoolboy Facination_bass.wav,Success,2.2413,0.0000,73.04,47.35,Phase_FFT,87.90,51.64
21:10:26,Al James - Schoolboy Facination_drums.wav,Success,2.1393,0.0011,29.43,1.85,Phase_FFT,88.30,51.58
21:10:27,Al James - Schoolboy Facination_mixture.wav,"Fail: Oversize: Can 816576 bits, chua 471852",0.0535,0.0000,0.00,0.00,Phase_FFT,37.10,50.94
21:10:30,Al James - Schoolboy Facination_other.wav,Success,1.8644,0.0009,30.46,3.41,Phase_FFT,89.60,51.68
21:10:34,Al James - Schoolboy Facination_vocals.wav,Success,2.1427,0.0029,25.31,2.41,Phase_FFT,90.10,51.64
21:10:41,Alexander Ross - Goodbye Bolero_bass.wav,Success,5.7256,0.0000,84.20,53.83,Phase_FFT,87.50,51.52
21:10:48,Alexander Ross - Goodbye Bolero_drums.wav,Success,4.1783,0.0002,37.24,8.30,Phase_FFT,89.70,51.67
21:10:56,Alexander Ross - Goodbye Bolero_mixture.wav,Success,4.6511,0.0048,23.15,2.90,Phase_FFT,86.20,51.57
21:11:03,Alexander Ross - Goodbye Bolero_other.wav,Success,4.0493,0.0019,27.13,4.59,Phase_FFT,89.40,51.88
21:11:11,Alexander Ross - Goodbye Bolero_vocals.wav,Success,4.0669,0.0008,30.91,3.29,Phase_FFT,87.80,51.77
21:11:18,Alexander Ross - Velvet Curtain_bass.wav,Success,4.3216,0.0000,121.55,90.32,Phase_FFT,88.60,51.73
21:11:27,Alexander Ross - Velvet Curtain_drums.wav,Success,5.1683,0.0000,119.11,90.32,Phase_FFT,89.20,51.74
21:11:36,Alexander Ross - Velvet Curtain_mixture.wav,Success,5.2300,0.0000,52.40,29.24,Phase_FFT,87.90,51.54
21:11:48,Alexander Ross - Velvet Curtain_other.wav,Success,4.8738,0.0000,63.87,36.00,Phase_FFT,90.90,51.77
21:12:06,Alexander Ross - Velvet Curtain_vocals.wav,Success,4.6755,0.0000,52.72,23.29,Phase_FFT,87.30,51.05
21:12:11,Angela Thomas Wade - Milk Cow Blues_bass.wav,Success,2.1478,0.0000,75.98,47.34,Phase_FFT,88.40,51.52
21:12:16,Angela Thomas Wade - Milk Cow Blues_drums.wav,Success,2.5755,0.0012,29.34,4.17,Phase_FFT,86.20,51.58
21:12:20,Angela Thomas Wade - Milk Cow Blues_mixture.wav,Success,2.3276,0.0073,21.38,2.14,Phase_FFT,86.30,51.75
21:12:29,Angela Thomas Wade - Milk Cow Blues_other.wav,Success,4.4575,0.0003,34.78,11.72,Phase_FFT,88.20,51.60
21:12:34,Angela Thomas Wade - Milk Cow Blues_vocals.wav,Success,2.5370,0.0013,28.89,2.99,Phase_FFT,84.70,51.71
21:12:37,Angels In Amplifiers - I'm Alright_bass.wav,Success,1.7151,0.0000,73.57,46.90,Phase_FFT,88.00,89.00
21:12:40,Angels In Amplifiers - I'm Alright_drums.wav,Success,1.8172,0.0013,28.99,3.35,Phase_FFT,89.10,58.95
21:12:44,Angels In Amplifiers - I'm Alright_mixture.wav,Success,2.2364,0.0076,21.22,2.55,Phase_FFT,87.60,58.89
21:12:48,Angels In Amplifiers - I'm Alright_other.wav,Success,2.0698,0.0016,27.99,4.24,Phase_FFT,84.00,58.78
21:12:51,Angels In Amplifiers - I'm Alright_vocals.wav,Success,1.8220,0.0016,28.03,4.58,Phase_FFT,82.80,58.86
21:12:55,Arise - Run Run Run_bass.wav,Success,2.1020,0.0000,69.16,48.03,Phase_FFT,86.60,51.43
21:12:59,Arise - Run Run Run_drums.wav,Success,2.2842,0.0006,32.47,6.87,Phase_FFT,86.20,51.45
21:13:03,Arise - Run Run Run_mixture.wav,Success,2.5394,0.0058,22.34,5.70,Phase_FFT,85.80,51.43
21:13:07,Arise - Run Run Run_other.wav,Success,2.1192,0.0000,46.85,26.12,Phase_FFT,90.10,51.50
21:13:11,Arise - Run Run Run_vocals.wav,Success,2.1816,0.0000,52.53,27.22,Phase_FFT,90.70,51.49
21:13:16,Atlantis Bound - It Was My Fault For Waiting_bass.wav,Success,3.0029,0.0000,71.76,44.11,Phase_FFT,87.90,51.51
21:13:21,Atlantis Bound - It Was My Fault For Waiting_drums.wav,Success,2.7973,0.0010,29.88,6.71,Phase_FFT,92.20,51.52
21:13:26,Atlantis Bound - It Was My Fault For Waiting_mixture.wav,Success,2.7253,0.0037,24.34,5.09,Phase_FFT,90.60,51.68
21:13:31,Atlantis Bound - It Was My Fault For Waiting_other.wav,Success,3.4371,0.0001,41.64,15.03,Phase_FFT,83.50,51.57
21:13:35,Atlantis Bound - It Was My Fault For Waiting_vocals.wav,Success,2.5439,0.0004,33.68,8.71,Phase_FFT,88.00,51.61
21:13:39,Auctioneer - Our Future Faces_bass.wav,Success,1.9986,0.0000,69.05,48.27,Phase_FFT,88.00,51.50
21:13:43,Auctioneer - Our Future Faces_drums.wav,Success,2.2565,0.0003,35.21,8.15,Phase_FFT,88.60,51.49
21:13:47,Auctioneer - Our Future Faces_mixture.wav,Success,2.4739,0.0111,19.56,2.56,Phase_FFT,88.10,51.49
21:13:51,Auctioneer - Our Future Faces_other.wav,Success,2.1433,0.0002,37.93,15.52,Phase_FFT,90.50,51.57
21:13:55,Auctioneer - Our Future Faces_vocals.wav,Success,2.2146,0.0018,27.37,3.33,Phase_FFT,91.60,51.37
21:14:01,AvaLuna - Waterduct_bass.wav,Success,3.6414,0.0000,61.90,35.72,Phase_FFT,84.80,51.49
21:14:05,AvaLuna - Waterduct_drums.wav,Success,2.5976,0.0004,34.11,7.01,Phase_FFT,89.70,51.56
21:14:09,AvaLuna - Waterduct_mixture.wav,Success,2.4436,0.0026,25.88,4.39,Phase_FFT,90.40,51.46
21:14:14,AvaLuna - Waterduct_other.wav,Success,3.0513,0.0003,35.41,6.10,Phase_FFT,86.80,51.63
21:14:19,AvaLuna - Waterduct_vocals.wav,Success,2.6023,0.0000,86.47,58.38,Phase_FFT,89.50,51.62
21:14:25,BKS - Bulldozer_bass.wav,Success,3.2835,0.0000,69.29,44.35,Phase_FFT,91.40,51.73
21:14:31,BKS - Bulldozer_drums.wav,Success,4.1431,0.0010,30.03,7.88,Phase_FFT,86.60,51.78
21:14:36,BKS - Bulldozer_mixture.wav,Success,2.9763,0.0078,21.05,2.43,Phase_FFT,88.70,51.59
21:14:41,BKS - Bulldozer_other.wav,Success,3.3474,0.0000,44.39,18.15,Phase_FFT,89.90,51.71
21:14:47,BKS - Bulldozer_vocals.wav,Success,3.2485,0.0011,29.62,2.79,Phase_FFT,88.30,51.71
21:14:51,BKS - Too Much_bass.wav,Success,1.8626,0.0000,71.05,45.87,Phase_FFT,90.20,51.48
21:14:54,BKS - Too Much_drums.wav,Success,1.9188,0.0017,27.60,2.54,Phase_FFT,88.60,51.64
21:14:59,BKS - Too Much_mixture.wav,Success,2.6615,0.0062,22.11,2.39,Phase_FFT,86.80,51.62
21:15:03,BKS - Too Much_other.wav,Success,1.9363,0.0000,45.08,17.33,Phase_FFT,88.80,51.74
21:15:06,BKS - Too Much_vocals.wav,Success,1.9576,0.0009,30.37,4.88,Phase_FFT,89.90,51.70
21:15:10,Ben Carrigan - We'll Talk About It All Tonight_bass.wav,Success,2.3819,0.0000,75.78,48.39,Phase_FFT,89.80,51.57
21:15:15,Ben Carrigan - We'll Talk About It All Tonight_drums.wav,Success,2.7022,0.0010,29.84,3.06,Phase_FFT,87.30,51.41
21:15:20,Ben Carrigan - We'll Talk About It All Tonight_mixture.wav,Success,2.4472,0.0043,23.70,2.64,Phase_FFT,90.30,51.48
21:15:24,Ben Carrigan - We'll Talk About It All Tonight_other.wav,Success,2.4122,0.0002,36.48,10.70,Phase_FFT,90.40,51.69
21:15:28,Ben Carrigan - We'll Talk About It All Tonight_vocals.wav,Success,2.5974,0.0003,35.72,6.75,Phase_FFT,87.40,51.36
21:15:31,BigTroubles - Phantom_bass.wav,Success,1.2658,0.0000,62.61,45.50,Phase_FFT,89.20,83.38
21:15:34,BigTroubles - Phantom_drums.wav,Success,1.4634,0.0005,33.45,8.88,Phase_FFT,91.50,58.94
21:15:36,BigTroubles - Phantom_mixture.wav,Success,1.2790,0.0201,16.98,2.41,Phase_FFT,89.90,59.02
21:15:39,BigTroubles - Phantom_other.wav,Success,1.3624,0.0032,24.90,4.39,Phase_FFT,85.90,58.82
21:15:42,BigTroubles - Phantom_vocals.wav,Success,1.9423,0.0014,28.57,3.49,Phase_FFT,83.40,58.82
21:15:46,Bill Chudziak - Children Of No-one_bass.wav,Success,2.1841,0.0000,118.20,90.32,Phase_FFT,91.60,51.52
21:15:50,Bill Chudziak - Children Of No-one_drums.wav,Success,2.3062,0.0000,104.62,81.10,Phase_FFT,91.50,51.47
21:15:54,Bill Chudziak - Children Of No-one_mixture.wav,Success,2.0512,0.0000,52.22,33.48,Phase_FFT,89.20,51.45
21:15:59,Bill Chudziak - Children Of No-one_other.wav,Success,2.7344,0.0000,52.22,28.17,Phase_FFT,85.60,51.55
21:16:02,Bill Chudziak - Children Of No-one_vocals.wav,Success,2.1498,0.0000,112.20,87.44,Phase_FFT,91.20,51.55
21:16:09,Black Bloc - If You Want Success_bass.wav,Success,3.7456,0.0000,85.78,58.49,Phase_FFT,92.40,51.62
21:16:16,Black Bloc - If You Want Success_drums.wav,Success,4.4025,0.0038,24.24,2.89,Phase_FFT,87.20,51.61
21:16:21,Black Bloc - If You Want Success_mixture.wav,Success,3.7629,0.0086,20.66,1.95,Phase_FFT,90.30,51.67
21:16:28,Black Bloc - If You Want Success_other.wav,Success,4.7142,0.0000,51.53,25.94,Phase_FFT,87.20,51.76
21:16:34,Black Bloc - If You Want Success_vocals.wav,Success,3.6142,0.0006,32.20,3.80,Phase_FFT,88.00,51.62
21:16:38,Bobby Nobody - Stitch Up_bass.wav,Success,2.0416,0.0000,74.03,48.00,Phase_FFT,88.60,51.65
21:16:43,Bobby Nobody - Stitch Up_drums.wav,Success,2.5979,0.0004,33.88,5.30,Phase_FFT,87.70,51.79
21:16:47,Bobby Nobody - Stitch Up_mixture.wav,Success,2.1639,0.0050,23.05,2.28,Phase_FFT,92.00,51.67
21:16:50,Bobby Nobody - Stitch Up_other.wav,Success,1.9958,0.0002,38.12,12.18,Phase_FFT,86.70,51.70
21:16:54,Bobby Nobody - Stitch Up_vocals.wav,Success,2.4198,0.0011,29.61,2.51,Phase_FFT,88.00,51.68
21:16:59,Buitraker - Revo X_bass.wav,Success,2.4310,0.0000,65.71,41.25,Phase_FFT,88.00,51.58
21:17:04,Buitraker - Revo X_drums.wav,Success,2.7834,0.0001,42.91,22.03,Phase_FFT,90.50,51.41
21:17:08,Buitraker - Revo X_mixture.wav,Success,2.6798,0.0020,27.06,9.53,Phase_FFT,88.10,51.59
21:17:13,Buitraker - Revo X_other.wav,Success,2.7388,0.0002,36.48,12.90,Phase_FFT,88.70,51.44
21:17:18,Buitraker - Revo X_vocals.wav,Success,2.4823,0.0000,118.23,90.32,Phase_FFT,91.00,51.49
21:17:22,Carlos Gonzalez - A Place For Us_bass.wav,Success,2.2792,0.0000,84.98,52.33,Phase_FFT,89.90,51.59
21:17:27,Carlos Gonzalez - A Place For Us_drums.wav,Success,3.0766,0.0006,32.57,6.38,Phase_FFT,86.80,51.60
21:17:31,Carlos Gonzalez - A Place For Us_mixture.wav,Success,2.3262,0.0048,23.21,4.01,Phase_FFT,90.70,51.47
21:17:35,Carlos Gonzalez - A Place For Us_other.wav,Success,2.2769,0.0000,48.82,25.42,Phase_FFT,90.00,51.62
21:17:40,Carlos Gonzalez - A Place For Us_vocals.wav,Success,3.2878,0.0007,31.60,8.10,Phase_FFT,87.30,51.61
21:17:44,Celestial Shore - Die For Us_bass.wav,Success,2.4289,0.0000,72.27,49.84,Phase_FFT,90.20,51.48
21:17:49,Celestial Shore - Die For Us_drums.wav,Success,2.5621,0.0000,61.38,24.68,Phase_FFT,90.10,51.42
21:17:54,Celestial Shore - Die For Us_mixture.wav,Success,3.3597,0.0117,19.33,2.42,Phase_FFT,87.50,51.79
21:17:59,Celestial Shore - Die For Us_other.wav,Success,2.7171,0.0000,46.96,27.27,Phase_FFT,90.20,51.55
21:18:04,Celestial Shore - Die For Us_vocals.wav,Success,2.7551,0.0021,26.81,2.49,Phase_FFT,90.70,51.48
21:18:10,Chris Durban - Celebrate_bass.wav,Success,3.5371,0.0000,76.73,53.90,Phase_FFT,87.10,51.62
21:18:15,Chris Durban - Celebrate_drums.wav,Success,2.8729,0.0001,40.87,15.42,Phase_FFT,90.50,51.36
21:18:19,Chris Durban - Celebrate_mixture.wav,Success,2.8348,0.0009,30.38,12.63,Phase_FFT,91.00,51.57
21:18:24,Chris Durban - Celebrate_other.wav,Success,3.1895,0.0000,52.42,29.95,Phase_FFT,85.90,51.44
21:18:29,Chris Durban - Celebrate_vocals.wav,Success,2.7066,0.0000,115.68,90.32,Phase_FFT,90.90,51.42
21:18:32,Clara Berry And Wooldog - Air Traffic_bass.wav,Success,1.4877,0.0000,90.58,65.64,Phase_FFT,88.00,87.96
21:18:35,Clara Berry And Wooldog - Air Traffic_drums.wav,Success,1.7477,0.0000,89.44,61.91,Phase_FFT,85.20,88.04
21:18:38,Clara Berry And Wooldog - Air Traffic_mixture.wav,Success,1.8449,0.0000,49.62,28.77,Phase_FFT,84.00,88.01
21:18:41,Clara Berry And Wooldog - Air Traffic_other.wav,Success,1.5192,0.0000,60.81,32.62,Phase_FFT,90.20,87.98
21:18:44,Clara Berry And Wooldog - Air Traffic_vocals.wav,Success,1.4757,0.0000,49.98,22.43,Phase_FFT,90.10,88.05
21:18:47,Clara Berry And Wooldog - Stella_bass.wav,Success,1.8423,0.0000,73.68,51.86,Phase_FFT,90.10,51.47
21:18:51,Clara Berry And Wooldog - Stella_drums.wav,Success,2.0353,0.0000,67.53,36.83,Phase_FFT,87.90,51.50
21:18:54,Clara Berry And Wooldog - Stella_mixture.wav,Success,1.8914,0.0000,49.23,29.77,Phase_FFT,90.40,51.40
21:18:58,Clara Berry And Wooldog - Stella_other.wav,Success,1.9282,0.0000,68.74,40.29,Phase_FFT,90.20,51.41
21:19:01,Clara Berry And Wooldog - Stella_vocals.wav,Success,1.6805,0.0000,49.86,23.52,Phase_FFT,88.60,51.31
21:19:04,Clara Berry And Wooldog - Waltz For My Victims_bass.wav,Success,1.8677,0.0000,79.60,50.86,Phase_FFT,87.80,88.48
21:19:08,Clara Berry And Wooldog - Waltz For My Victims_drums.wav,Success,1.8357,0.0000,55.31,22.22,Phase_FFT,86.60,88.44
21:19:11,Clara Berry And Wooldog - Waltz For My Victims_mixture.wav,Success,1.5305,0.0010,29.97,9.55,Phase_FFT,90.10,58.86
21:19:14,Clara Berry And Wooldog - Waltz For My Victims_other.wav,Success,1.7215,0.0000,53.51,31.49,Phase_FFT,90.00,88.77
21:19:16,Clara Berry And Wooldog - Waltz For My Victims_vocals.wav,Success,1.5800,0.0001,40.43,10.22,Phase_FFT,89.20,58.98
21:19:21,Cnoc An Tursa - Bannockburn_bass.wav,Success,3.1134,0.0000,46.52,21.08,Phase_FFT,87.70,51.54
21:19:26,Cnoc An Tursa - Bannockburn_drums.wav,Success,2.6766,0.0035,24.62,5.02,Phase_FFT,90.80,51.72
21:19:30,Cnoc An Tursa - Bannockburn_mixture.wav,Success,2.6450,0.0149,18.26,1.91,Phase_FFT,90.00,51.56
21:19:35,Cnoc An Tursa - Bannockburn_other.wav,Success,3.2137,0.0033,24.79,3.38,Phase_FFT,86.80,51.68
21:19:40,Cnoc An Tursa - Bannockburn_vocals.wav,Success,2.2460,0.0009,30.34,3.39,Phase_FFT,90.80,51.57
21:19:44,Creepoid - OldTree_bass.wav,Success,2.4908,0.0000,74.17,52.10,Phase_FFT,88.30,51.50
21:19:49,Creepoid - OldTree_drums.wav,Success,3.3904,0.0004,34.54,8.75,Phase_FFT,85.50,51.51
21:19:54,Creepoid - OldTree_mixture.wav,Success,2.6969,0.0068,21.69,2.94,Phase_FFT,89.00,51.58
21:19:58,Creepoid - OldTree_other.wav,Success,2.5733,0.0000,44.64,18.20,Phase_FFT,89.80,51.50
21:20:03,Creepoid - OldTree_vocals.wav,Success,3.1958,0.0010,30.01,3.45,Phase_FFT,87.60,51.67
21:20:07,Cristina Vane - So Easy_bass.wav,Success,2.3132,0.0000,62.32,34.61,Phase_FFT,91.60,51.41
21:20:11,Cristina Vane - So Easy_drums.wav,Success,2.2734,0.0017,27.60,4.89,Phase_FFT,90.60,51.40
21:20:16,Cristina Vane - So Easy_mixture.wav,Success,2.9705,0.0055,22.61,3.71,Phase_FFT,88.20,51.49
21:20:20,Cristina Vane - So Easy_other.wav,Success,2.2263,0.0000,51.77,25.56,Phase_FFT,88.90,51.44
21:20:23,Cristina Vane - So Easy_vocals.wav,Success,2.1469,0.0013,28.70,4.17,Phase_FFT,89.90,51.53
21:20:27,Dark Ride - Burning Bridges_bass.wav,Success,2.0387,0.0000,48.59,26.81,Phase_FFT,88.80,51.65
21:20:36,Dark Ride - Burning Bridges_drums.wav,Success,5.6459,0.0070,21.53,2.63,Phase_FFT,85.90,51.66
21:20:40,Dark Ride - Burning Bridges_mixture.wav,Success,2.3090,0.0173,17.63,1.88,Phase_FFT,90.10,51.66
21:20:44,Dark Ride - Burning Bridges_other.wav,Success,2.0082,0.0010,30.15,5.99,Phase_FFT,88.10,51.64
21:20:48,Dark Ride - Burning Bridges_vocals.wav,Success,2.1147,0.0019,27.25,2.44,Phase_FFT,90.80,51.63
21:20:51,Detsky Sad - Walkie Talkie_bass.wav,Success,1.9545,0.0000,68.76,38.12,Phase_FFT,85.40,51.64
21:20:54,Detsky Sad - Walkie Talkie_drums.wav,Success,1.7046,0.0058,22.37,2.12,Phase_FFT,90.90,51.68
21:20:57,Detsky Sad - Walkie Talkie_mixture.wav,Success,1.6803,0.0107,19.69,1.62,Phase_FFT,89.80,51.59
21:21:01,Detsky Sad - Walkie Talkie_other.wav,Success,1.9247,0.0015,28.10,3.47,Phase_FFT,91.40,51.64
21:21:04,Detsky Sad - Walkie Talkie_vocals.wav,Success,1.6906,0.0007,31.86,4.68,Phase_FFT,87.50,51.60
21:21:09,Dreamers Of The Ghetto - Heavy Love_bass.wav,Success,2.7587,0.0000,93.80,65.59,Phase_FFT,89.20,51.50
21:21:13,Dreamers Of The Ghetto - Heavy Love_drums.wav,Success,2.6387,0.0002,36.28,10.29,Phase_FFT,89.00,51.58
21:21:18,Dreamers Of The Ghetto - Heavy Love_mixture.wav,Success,3.3448,0.0044,23.57,5.90,Phase_FFT,88.80,51.59
21:21:23,Dreamers Of The Ghetto - Heavy Love_other.wav,Success,2.8860,0.0000,49.88,29.12,Phase_FFT,89.40,51.57
21:21:28,Dreamers Of The Ghetto - Heavy Love_vocals.wav,Success,2.5753,0.0003,35.87,12.54,Phase_FFT,90.10,51.64
21:21:33,Drumtracks - Ghost Bitch_bass.wav,Success,3.6315,0.0000,66.34,40.00,Phase_FFT,88.40,51.68
21:21:39,Drumtracks - Ghost Bitch_drums.wav,Success,3.0052,0.0004,34.05,4.38,Phase_FFT,90.20,51.62
21:21:44,Drumtracks - Ghost Bitch_mixture.wav,Success,3.0950,0.0040,23.98,4.30,Phase_FFT,89.20,51.52
21:21:50,Drumtracks - Ghost Bitch_other.wav,Success,3.7713,0.0000,52.04,26.29,Phase_FFT,87.20,51.64
21:21:55,Drumtracks - Ghost Bitch_vocals.wav,Success,3.1836,0.0000,59.59,36.26,Phase_FFT,90.10,51.57
21:22:09,Enda Reilly - Cur An Long Ag Seol_bass.wav,Success,5.5708,0.0000,73.42,48.81,Phase_FFT,77.00,90.14
21:22:14,Enda Reilly - Cur An Long Ag Seol_drums.wav,Success,2.0463,0.0000,64.15,40.27,Phase_FFT,86.90,90.13
21:22:17,Enda Reilly - Cur An Long Ag Seol_mixture.wav,Success,1.7899,0.0059,22.30,4.28,Phase_FFT,87.70,58.85
21:22:20,Enda Reilly - Cur An Long Ag Seol_other.wav,Success,1.7591,0.0011,29.57,5.71,Phase_FFT,88.10,58.79
21:22:23,Enda Reilly - Cur An Long Ag Seol_vocals.wav,Success,1.7290,0.0006,32.42,8.45,Phase_FFT,87.30,58.62
21:22:27,Faces On Film - Waiting For Ga_bass.wav,Success,2.9509,0.0000,92.51,60.00,Phase_FFT,83.40,51.62
21:22:32,Faces On Film - Waiting For Ga_drums.wav,Success,2.6170,0.0000,69.06,38.05,Phase_FFT,88.30,51.38
21:22:36,Faces On Film - Waiting For Ga_mixture.wav,Success,2.5330,0.0059,22.31,4.54,Phase_FFT,88.00,51.38
21:22:40,Faces On Film - Waiting For Ga_other.wav,Success,2.6532,0.0012,29.09,9.62,Phase_FFT,84.80,51.41
21:22:45,Faces On Film - Waiting For Ga_vocals.wav,Success,2.8713,0.0013,28.72,4.77,Phase_FFT,84.60,51.57
21:22:48,Fergessen - Back From The Start_bass.wav,Success,1.6007,0.0000,78.87,53.20,Phase_FFT,87.40,87.10
21:22:51,Fergessen - Back From The Start_drums.wav,Success,1.6287,0.0000,48.30,24.55,Phase_FFT,86.60,87.00
21:22:54,Fergessen - Back From The Start_mixture.wav,Success,1.6542,0.0054,22.69,3.10,Phase_FFT,87.00,58.77
21:22:57,Fergessen - Back From The Start_other.wav,Success,1.8756,0.0000,48.66,18.13,Phase_FFT,86.40,87.45
21:23:00,Fergessen - Back From The Start_vocals.wav,Success,1.7993,0.0015,28.11,3.05,Phase_FFT,88.40,58.74
21:23:03,Fergessen - Nos Palpitants_bass.wav,Success,1.6461,0.0000,122.37,90.32,Phase_FFT,86.30,51.59
21:23:07,Fergessen - Nos Palpitants_drums.wav,Success,1.9391,0.0000,117.59,90.32,Phase_FFT,88.70,51.36
21:23:10,Fergessen - Nos Palpitants_mixture.wav,Success,2.1878,0.0025,25.94,5.84,Phase_FFT,87.70,51.34
21:23:14,Fergessen - Nos Palpitants_other.wav,Success,2.0055,0.0000,53.99,27.96,Phase_FFT,89.20,51.68
21:23:17,Fergessen - Nos Palpitants_vocals.wav,Success,1.7823,0.0012,29.21,6.00,Phase_FFT,90.30,51.46
21:23:20,Fergessen - The Wind_bass.wav,Success,1.6706,0.0000,71.71,44.21,Phase_FFT,89.20,51.54
21:23:24,Fergessen - The Wind_drums.wav,Success,2.1087,0.0003,35.99,9.21,Phase_FFT,85.80,51.44
21:23:27,Fergessen - The Wind_mixture.wav,Success,2.1342,0.0078,21.06,2.80,Phase_FFT,86.70,51.59
21:23:30,Fergessen - The Wind_other.wav,Success,1.7514,0.0012,29.34,6.29,Phase_FFT,87.30,51.46
21:23:33,Fergessen - The Wind_vocals.wav,Success,1.6349,0.0023,26.37,4.25,Phase_FFT,88.70,51.48
21:23:38,Flags - 54_bass.wav,Success,3.1173,0.0000,110.30,79.07,Phase_FFT,89.20,51.64
21:23:43,Flags - 54_drums.wav,Success,2.9422,0.0000,59.24,37.71,Phase_FFT,88.00,51.45
21:23:48,Flags - 54_mixture.wav,Success,2.9560,0.0000,59.16,38.96,Phase_FFT,90.70,51.64
21:23:53,Flags - 54_other.wav,Success,3.0290,0.0000,77.04,42.73,Phase_FFT,89.10,51.46
21:23:57,Flags - 54_vocals.wav,Success,2.4428,0.0000,118.89,90.32,Phase_FFT,88.40,51.63
21:24:01,Forkupines - Semantics_bass.wav,Success,2.1477,0.0000,59.25,32.66,Phase_FFT,89.40,51.70
21:24:05,Forkupines - Semantics_drums.wav,Success,2.5343,0.0056,22.55,2.74,Phase_FFT,90.70,51.63
21:24:10,Forkupines - Semantics_mixture.wav,Success,2.9686,0.0129,18.91,1.69,Phase_FFT,84.90,51.50
21:24:14,Forkupines - Semantics_other.wav,Success,2.3058,0.0021,26.76,2.78,Phase_FFT,90.60,51.59
21:24:18,Forkupines - Semantics_vocals.wav,Success,2.3445,0.0010,29.82,3.49,Phase_FFT,91.30,51.50
21:24:25,Georgia Wonder - Siren_bass.wav,Success,4.9161,0.0000,79.21,55.24,Phase_FFT,85.40,51.44
21:24:31,Georgia Wonder - Siren_drums.wav,Success,3.9409,0.0036,24.39,1.11,Phase_FFT,89.60,51.62
21:24:38,Georgia Wonder - Siren_mixture.wav,Success,4.8013,0.0119,19.24,1.06,Phase_FFT,88.90,51.36
21:24:45,Georgia Wonder - Siren_other.wav,Success,4.0533,0.0009,30.41,6.35,Phase_FFT,91.00,51.57
21:24:52,Georgia Wonder - Siren_vocals.wav,Success,4.0981,0.0010,29.91,4.10,Phase_FFT,87.10,51.50
21:24:56,Girls Under Glass - We Feel Alright_bass.wav,Success,2.5185,0.0000,49.55,26.13,Phase_FFT,89.30,51.43
21:25:01,Girls Under Glass - We Feel Alright_drums.wav,Success,2.7516,0.0014,28.39,6.18,Phase_FFT,89.80,51.46
21:25:06,Girls Under Glass - We Feel Alright_mixture.wav,Success,3.7102,0.0102,19.92,2.10,Phase_FFT,88.60,51.48
21:25:11,Girls Under Glass - We Feel Alright_other.wav,Success,2.7819,0.0028,25.53,2.42,Phase_FFT,89.50,51.47
21:25:16,Girls Under Glass - We Feel Alright_vocals.wav,Success,2.4755,0.0000,119.49,90.32,Phase_FFT,90.50,51.57
21:25:19,Giselle - Moss_bass.wav,Success,1.7322,0.0000,117.50,90.32,Phase_FFT,87.20,51.43
21:25:22,Giselle - Moss_drums.wav,Success,1.8871,0.0002,36.30,9.85,Phase_FFT,87.40,51.42
21:25:25,Giselle - Moss_mixture.wav,Success,1.7428,0.0046,23.39,4.11,Phase_FFT,90.10,51.58
21:25:29,Giselle - Moss_other.wav,Success,1.9431,0.0012,29.09,5.20,Phase_FFT,89.50,51.42
21:25:32,Giselle - Moss_vocals.wav,Success,1.8863,0.0000,56.73,32.09,Phase_FFT,87.50,51.51
21:25:36,Grants - PunchDrunk_bass.wav,Success,2.2163,0.0000,66.80,46.04,Phase_FFT,83.50,51.55
21:25:39,Grants - PunchDrunk_drums.wav,Success,1.9833,0.0008,31.12,4.57,Phase_FFT,88.70,51.56
21:25:43,Grants - PunchDrunk_mixture.wav,Success,1.8519,0.0087,20.62,2.66,Phase_FFT,89.10,51.53
21:25:46,Grants - PunchDrunk_other.wav,Success,1.8578,0.0000,51.49,25.60,Phase_FFT,88.80,51.56
21:25:50,Grants - PunchDrunk_vocals.wav,Success,2.4198,0.0016,27.94,2.62,Phase_FFT,84.30,51.46
21:25:53,Helado Negro - Mitad Del Mundo_bass.wav,Success,1.7401,0.0000,63.39,39.04,Phase_FFT,90.20,89.48
21:25:56,Helado Negro - Mitad Del Mundo_drums.wav,Success,1.6641,0.0001,42.12,12.40,Phase_FFT,90.10,58.79
21:25:59,Helado Negro - Mitad Del Mundo_mixture.wav,Success,1.5895,0.0090,20.47,2.21,Phase_FFT,89.30,58.84
21:26:03,Helado Negro - Mitad Del Mundo_other.wav,Success,1.8744,0.0000,56.05,24.94,Phase_FFT,88.00,89.54
21:26:06,Helado Negro - Mitad Del Mundo_vocals.wav,Success,1.5803,0.0055,22.60,2.34,Phase_FFT,89.80,58.82
21:26:09,Hezekiah Jones - Borrowed Heart_bass.wav,Success,2.2062,0.0000,79.10,50.40,Phase_FFT,87.90,51.82
21:26:14,Hezekiah Jones - Borrowed Heart_drums.wav,Success,2.2260,0.0000,48.92,20.85,Phase_FFT,89.80,51.64
21:26:18,Hezekiah Jones - Borrowed Heart_mixture.wav,Success,2.7007,0.0014,28.60,9.63,Phase_FFT,86.30,51.75
21:26:22,Hezekiah Jones - Borrowed Heart_other.wav,Success,2.2164,0.0000,46.04,24.57,Phase_FFT,89.30,51.41
21:26:26,Hezekiah Jones - Borrowed Heart_vocals.wav,Success,2.2489,0.0000,43.56,17.64,Phase_FFT,89.80,51.66
21:26:29,Hollow Ground - Ill Fate_bass.wav,Success,1.3423,0.0000,47.41,23.20,Phase_FFT,90.10,82.55
21:26:32,Hollow Ground - Ill Fate_drums.wav,Success,1.4828,0.0008,30.94,6.39,Phase_FFT,87.60,58.73
21:26:34,Hollow Ground - Ill Fate_mixture.wav,Success,1.3436,0.0096,20.20,3.11,Phase_FFT,90.00,58.80
21:26:37,Hollow Ground - Ill Fate_other.wav,Success,1.2379,0.0023,26.47,6.83,Phase_FFT,90.50,58.84
21:26:39,Hollow Ground - Ill Fate_vocals.wav,Success,1.1864,0.0002,36.66,8.21,Phase_FFT,88.50,58.68
21:26:42,Hollow Ground - Left Blind_bass.wav,Success,1.4086,0.0000,45.17,23.81,Phase_FFT,87.30,85.66
21:26:45,Hollow Ground - Left Blind_drums.wav,Success,1.7731,0.0035,24.56,3.17,Phase_FFT,85.10,58.77
21:26:48,Hollow Ground - Left Blind_mixture.wav,Success,1.5119,0.0168,17.74,1.55,Phase_FFT,88.60,58.74
21:26:50,Hollow Ground - Left Blind_other.wav,Success,1.3618,0.0040,23.97,2.42,Phase_FFT,89.60,58.63
21:26:53,Hollow Ground - Left Blind_vocals.wav,Success,1.4886,0.0006,32.08,6.13,Phase_FFT,90.00,58.76
21:26:57,Hop Along - Sister Cities_bass.wav,Success,2.5413,0.0000,68.91,47.92,Phase_FFT,90.10,51.41
21:27:02,Hop Along - Sister Cities_drums.wav,Success,3.0150,0.0005,33.38,5.77,Phase_FFT,84.60,51.55
21:27:06,Hop Along - Sister Cities_mixture.wav,Success,2.8125,0.0137,18.62,2.41,Phase_FFT,89.60,51.70
21:27:11,Hop Along - Sister Cities_other.wav,Success,2.6820,0.0037,24.27,4.36,Phase_FFT,91.00,51.55
21:27:16,Hop Along - Sister Cities_vocals.wav,Success,2.8686,0.0016,27.88,3.75,Phase_FFT,86.40,51.57
21:27:19,Invisible Familiars - Disturbing Wildlife_bass.wav,Success,2.1316,0.0000,70.42,49.48,Phase_FFT,87.70,51.52
21:27:23,Invisible Familiars - Disturbing Wildlife_drums.wav,Success,2.1823,0.0000,49.94,22.21,Phase_FFT,90.70,51.47
21:27:27,Invisible Familiars - Disturbing Wildlife_mixture.wav,Success,2.5839,0.0023,26.38,7.64,Phase_FFT,87.50,51.43
21:27:31,Invisible Familiars - Disturbing Wildlife_other.wav,Success,2.0418,0.0000,48.86,21.07,Phase_FFT,89.60,51.38
21:27:35,Invisible Familiars - Disturbing Wildlife_vocals.wav,Success,2.0312,0.0003,35.37,8.40,Phase_FFT,89.60,51.37
21:27:38,James Elder & Mark M Thompson - The English Actor_bass.wav,Success,1.8466,0.0000,118.90,90.32,Phase_FFT,90.40,51.41
21:27:42,James Elder & Mark M Thompson - The English Actor_drums.wav,Success,2.1580,0.0000,47.68,20.90,Phase_FFT,87.10,51.53
21:27:45,James Elder & Mark M Thompson - The English Actor_mixture.wav,Success,1.7766,0.0050,23.00,3.64,Phase_FFT,90.00,51.54
21:27:48,James Elder & Mark M Thompson - The English Actor_other.wav,Success,1.8776,0.0000,53.34,29.57,Phase_FFT,90.50,51.49
21:27:51,James Elder & Mark M Thompson - The English Actor_vocals.wav,Success,1.8241,0.0016,27.93,3.89,Phase_FFT,89.90,51.68
21:27:55,James May - All Souls Moon_bass.wav,Success,2.2992,0.0000,80.45,50.52,Phase_FFT,87.80,51.61
21:27:59,James May - All Souls Moon_drums.wav,Success,2.1164,0.0000,75.47,46.23,Phase_FFT,88.30,51.43
21:28:02,James May - All Souls Moon_mixture.wav,Success,1.9033,0.0001,40.03,16.64,Phase_FFT,88.80,51.46
21:28:06,James May - All Souls Moon_other.wav,Success,1.9602,0.0000,52.99,22.96,Phase_FFT,88.80,51.61
21:28:09,James May - All Souls Moon_vocals.wav,Success,2.1499,0.0000,44.68,16.09,Phase_FFT,86.00,51.62
21:28:13,James May - Dont Let Go_bass.wav,Success,2.2182,0.0000,75.63,50.84,Phase_FFT,87.40,51.52
21:28:17,James May - Dont Let Go_drums.wav,Success,2.4019,0.0001,39.68,8.18,Phase_FFT,90.30,51.47
21:28:21,James May - Dont Let Go_mixture.wav,Success,2.2087,0.0034,24.64,4.29,Phase_FFT,86.90,51.65
21:28:25,James May - Dont Let Go_other.wav,Success,2.4473,0.0000,52.11,27.34,Phase_FFT,87.40,51.62
21:28:29,James May - Dont Let Go_vocals.wav,Success,2.0181,0.0003,35.33,7.97,Phase_FFT,89.20,51.53
21:28:32,James May - If You Say_bass.wav,Success,2.3891,0.0000,77.47,45.13,Phase_FFT,89.60,51.61
21:28:37,James May - If You Say_drums.wav,Success,2.3000,0.0000,57.03,23.69,Phase_FFT,90.40,51.62
21:28:41,James May - If You Say_mixture.wav,Success,2.5884,0.0000,46.49,22.74,Phase_FFT,84.60,51.41
21:28:45,James May - If You Say_other.wav,Success,2.3517,0.0000,52.70,25.70,Phase_FFT,89.70,51.43
21:28:49,James May - If You Say_vocals.wav,Success,2.0779,0.0000,50.81,21.44,Phase_FFT,89.50,51.50
21:28:53,James May - On The Line_bass.wav,Success,2.6189,0.0000,79.13,55.08,Phase_FFT,84.80,51.47
21:28:57,James May - On The Line_drums.wav,Success,2.2269,0.0000,60.02,37.94,Phase_FFT,88.50,51.50
21:29:01,James May - On The Line_mixture.wav,Success,2.3412,0.0033,24.82,6.99,Phase_FFT,90.50,51.61
21:29:05,James May - On The Line_other.wav,Success,2.3178,0.0000,55.12,31.16,Phase_FFT,89.30,51.57
21:29:09,James May - On The Line_vocals.wav,Success,2.5210,0.0004,33.61,7.38,Phase_FFT,86.10,51.79
21:29:13,Jay Menon - Through My Eyes_bass.wav,Success,1.8715,0.0000,119.49,90.32,Phase_FFT,89.20,51.52
21:29:16,Jay Menon - Through My Eyes_drums.wav,Success,2.2829,0.0000,69.50,40.30,Phase_FFT,90.70,51.62
21:29:21,Jay Menon - Through My Eyes_mixture.wav,Success,2.6396,0.0002,36.21,14.08,Phase_FFT,86.70,51.62
21:29:25,Jay Menon - Through My Eyes_other.wav,Success,2.1525,0.0000,62.89,33.99,Phase_FFT,87.80,51.54
21:29:28,Jay Menon - Through My Eyes_vocals.wav,Success,2.1706,0.0001,39.66,13.51,Phase_FFT,90.30,51.50
21:29:32,Johnny Lokke - Promises & Lies_bass.wav,Success,2.6691,0.0000,75.75,48.89,Phase_FFT,89.90,51.39
21:29:38,Johnny Lokke - Promises & Lies_drums.wav,Success,2.9659,0.0031,25.04,4.25,Phase_FFT,88.70,51.68
21:29:42,Johnny Lokke - Promises & Lies_mixture.wav,Success,2.5531,0.0163,17.87,1.50,Phase_FFT,89.70,51.49
21:29:46,Johnny Lokke - Promises & Lies_other.wav,Success,2.4136,0.0041,23.86,3.04,Phase_FFT,89.10,51.49
21:29:51,Johnny Lokke - Promises & Lies_vocals.wav,Success,3.1331,0.0025,26.07,2.57,Phase_FFT,84.90,51.60
21:29:55,Johnny Lokke - Whisper To A Scream_bass.wav,Success,2.0513,0.0000,72.01,48.40,Phase_FFT,88.20,51.48
21:29:58,Johnny Lokke - Whisper To A Scream_drums.wav,Success,2.2025,0.0018,27.36,4.78,Phase_FFT,89.90,51.48
21:30:03,Johnny Lokke - Whisper To A Scream_mixture.wav,Success,2.6934,0.0114,19.44,2.57,Phase_FFT,89.10,51.40
21:30:07,Johnny Lokke - Whisper To A Scream_other.wav,Success,2.5233,0.0014,28.46,7.19,Phase_FFT,88.00,51.44
21:30:11,Johnny Lokke - Whisper To A Scream_vocals.wav,Success,2.4580,0.0013,28.85,3.96,Phase_FFT,89.90,51.50
21:30:15,"Jokers, Jacks & Kings - Sea Of Leaves_bass.wav",Success,1.6235,0.0000,54.30,28.49,Phase_FFT,88.10,51.60
21:30:18,"Jokers, Jacks & Kings - Sea Of Leaves_drums.wav",Success,2.1044,0.0020,27.04,3.52,Phase_FFT,86.00,51.64
21:30:21,"Jokers, Jacks & Kings - Sea Of Leaves_mixture.wav",Success,1.7843,0.0084,20.76,2.82,Phase_FFT,89.70,51.53
21:30:24,"Jokers, Jacks & Kings - Sea Of Leaves_other.wav",Success,1.5940,0.0004,33.73,10.36,Phase_FFT,89.10,51.63
21:30:27,"Jokers, Jacks & Kings - Sea Of Leaves_vocals.wav",Success,1.5594,0.0010,29.88,6.35,Phase_FFT,88.50,51.62
21:30:32,Juliet's Rescue - Heartbeats_bass.wav,Success,3.2373,0.0000,81.28,52.21,Phase_FFT,85.90,51.52
21:30:37,Juliet's Rescue - Heartbeats_drums.wav,Success,2.4798,0.0024,26.13,4.64,Phase_FFT,91.10,51.58
21:30:45,Juliet's Rescue - Heartbeats_mixture.wav,Success,4.8254,0.0084,20.74,2.60,Phase_FFT,92.40,51.52
21:30:50,Juliet's Rescue - Heartbeats_other.wav,Success,2.8160,0.0000,54.56,31.18,Phase_FFT,85.60,51.57
21:30:54,Juliet's Rescue - Heartbeats_vocals.wav,Success,2.2847,0.0009,30.27,4.02,Phase_FFT,90.60,51.67
21:30:58,Leaf - Come Around_bass.wav,Success,2.4467,0.0000,58.89,41.17,Phase_FFT,88.70,51.52
21:31:03,Leaf - Come Around_drums.wav,Success,3.4092,0.0000,48.20,14.84,Phase_FFT,83.00,51.54
21:31:08,Leaf - Come Around_mixture.wav,Success,2.8152,0.0047,23.30,7.44,Phase_FFT,88.80,51.64
21:31:13,Leaf - Come Around_other.wav,Success,2.6015,0.0000,44.02,20.15,Phase_FFT,89.90,51.63
21:31:17,Leaf - Come Around_vocals.wav,Success,2.7147,0.0000,54.28,30.89,Phase_FFT,86.60,51.64
21:31:21,Leaf - Summerghost_bass.wav,Success,2.1575,0.0000,74.38,50.78,Phase_FFT,89.90,51.57
21:31:25,Leaf - Summerghost_drums.wav,Success,2.1017,0.0011,29.47,4.06,Phase_FFT,90.40,51.59
21:31:29,Leaf - Summerghost_mixture.wav,Success,2.4101,0.0045,23.50,4.03,Phase_FFT,89.20,51.57
21:31:33,Leaf - Summerghost_other.wav,Success,2.4560,0.0000,65.52,36.74,Phase_FFT,84.70,51.49
21:31:37,Leaf - Summerghost_vocals.wav,Success,2.1990,0.0005,32.66,6.99,Phase_FFT,90.50,51.63
21:31:40,Leaf - Wicked_bass.wav,Success,1.5518,0.0000,71.89,45.91,Phase_FFT,88.30,51.46
21:31:43,Leaf - Wicked_drums.wav,Success,1.8609,0.0001,38.35,14.36,Phase_FFT,89.70,51.59
21:31:47,Leaf - Wicked_mixture.wav,Success,1.9645,0.0038,24.15,3.93,Phase_FFT,87.50,51.60
21:31:50,Leaf - Wicked_other.wav,Success,1.7834,0.0001,42.85,13.90,Phase_FFT,90.30,51.49
21:31:53,Leaf - Wicked_vocals.wav,Success,1.5826,0.0006,32.37,4.93,Phase_FFT,89.10,51.59
21:31:57,Little Chicago's Finest - My Own_bass.wav,Success,2.5487,0.0000,82.21,48.49,Phase_FFT,88.30,51.69
21:32:02,Little Chicago's Finest - My Own_drums.wav,Success,2.6641,0.0012,29.37,7.42,Phase_FFT,88.60,51.61
21:32:06,Little Chicago's Finest - My Own_mixture.wav,Success,2.6621,0.0049,23.10,2.67,Phase_FFT,90.90,51.50
21:32:11,Little Chicago's Finest - My Own_other.wav,Success,2.6325,0.0000,52.32,17.97,Phase_FFT,90.40,51.41
21:32:26,Little Chicago's Finest - My Own_vocals.wav,Success,2.7847,0.0008,30.75,3.48,Phase_FFT,88.00,51.33
21:32:30,Louis Cressy Band - Good Time_bass.wav,Success,2.7565,0.0000,78.16,49.81,Phase_FFT,87.00,51.38
21:32:35,Louis Cressy Band - Good Time_drums.wav,Success,2.9290,0.0011,29.64,4.46,Phase_FFT,86.00,51.43
21:32:40,Louis Cressy Band - Good Time_mixture.wav,Success,3.1508,0.0055,22.60,2.60,Phase_FFT,85.00,51.53
21:32:45,Louis Cressy Band - Good Time_other.wav,Success,2.7186,0.0001,41.78,17.78,Phase_FFT,83.90,51.52
21:32:50,Louis Cressy Band - Good Time_vocals.wav,Success,2.6481,0.0008,31.05,2.83,Phase_FFT,85.00,51.61
21:33:00,Lushlife - Toynbee Suite_bass.wav,Success,7.4053,0.0000,89.06,70.46,Phase_FFT,81.80,51.64
21:33:10,Lushlife - Toynbee Suite_drums.wav,Success,7.3047,0.0000,90.69,60.13,Phase_FFT,89.00,51.75
21:33:19,Lushlife - Toynbee Suite_mixture.wav,Success,6.0949,0.0000,49.44,31.60,Phase_FFT,90.40,51.62
21:33:29,Lushlife - Toynbee Suite_other.wav,Success,5.7589,0.0000,49.44,20.81,Phase_FFT,88.40,51.63
21:33:38,Lushlife - Toynbee Suite_vocals.wav,Success,5.9767,0.0000,90.22,57.35,Phase_FFT,88.30,51.58
21:33:42,Lyndsey Ollard - Catching Up_bass.wav,Success,1.8612,0.0000,91.61,58.79,Phase_FFT,87.00,51.69
21:33:45,Lyndsey Ollard - Catching Up_drums.wav,Success,1.8238,0.0000,74.63,44.40,Phase_FFT,89.40,51.67
21:33:49,Lyndsey Ollard - Catching Up_mixture.wav,Success,2.0598,0.0010,29.90,6.90,Phase_FFT,88.80,51.75
21:33:53,Lyndsey Ollard - Catching Up_other.wav,Success,2.2241,0.0000,51.40,21.14,Phase_FFT,87.20,51.46
21:33:56,Lyndsey Ollard - Catching Up_vocals.wav,Success,1.8831,0.0005,33.21,7.33,Phase_FFT,89.70,51.50
21:33:59,M.E.R.C. Music - Knockout_bass.wav,Success,2.0487,0.0000,80.35,50.17,Phase_FFT,90.30,51.76
21:34:04,M.E.R.C. Music - Knockout_drums.wav,Success,2.9306,0.0017,27.62,1.88,Phase_FFT,86.70,51.69
21:34:08,M.E.R.C. Music - Knockout_mixture.wav,Success,2.5301,0.0067,21.75,1.64,Phase_FFT,89.70,51.53
21:34:12,M.E.R.C. Music - Knockout_other.wav,Success,2.3314,0.0004,33.79,6.61,Phase_FFT,89.60,51.61
21:34:16,M.E.R.C. Music - Knockout_vocals.wav,Success,2.2545,0.0011,29.44,5.69,Phase_FFT,89.10,51.45
21:34:19,Matthew Entwistle - Dont You Ever_bass.wav,Success,1.1959,0.0000,86.28,60.71,Phase_FFT,86.10,78.10
21:34:21,Matthew Entwistle - Dont You Ever_drums.wav,Success,1.0423,0.0000,86.32,44.75,Phase_FFT,87.30,77.91
21:34:23,Matthew Entwistle - Dont You Ever_mixture.wav,Success,0.9957,0.0022,26.53,6.60,Phase_FFT,89.40,59.04
21:34:25,Matthew Entwistle - Dont You Ever_other.wav,Success,0.9829,0.0000,51.00,26.05,Phase_FFT,87.50,77.96
21:34:27,Matthew Entwistle - Dont You Ever_vocals.wav,Success,1.0758,0.0007,31.49,7.61,Phase_FFT,88.30,58.98
21:34:32,Meaxic - Take A Step_bass.wav,Success,3.1429,0.0000,59.86,38.46,Phase_FFT,89.10,51.46
21:34:37,Meaxic - Take A Step_drums.wav,Success,2.6649,0.0030,25.23,2.94,Phase_FFT,88.50,51.56
21:34:41,Meaxic - Take A Step_mixture.wav,Success,2.6685,0.0116,19.34,2.17,Phase_FFT,89.60,51.57
21:34:46,Meaxic - Take A Step_other.wav,Success,2.8028,0.0003,35.95,9.86,Phase_FFT,88.80,51.57
21:34:51,Meaxic - Take A Step_vocals.wav,Success,2.9094,0.0015,28.20,3.64,Phase_FFT,85.20,51.66
21:34:56,Meaxic - You Listen_bass.wav,Success,3.8533,0.0000,76.98,49.89,Phase_FFT,90.30,51.47
21:35:03,Meaxic - You Listen_drums.wav,Success,4.6074,0.0000,99.79,73.51,Phase_FFT,88.30,51.51
21:35:09,Meaxic - You Listen_mixture.wav,Success,3.6752,0.0000,43.29,23.67,Phase_FFT,89.50,51.60
21:35:15,Meaxic - You Listen_other.wav,Success,3.7436,0.0000,45.10,21.37,Phase_FFT,87.90,51.66
21:35:21,Meaxic - You Listen_vocals.wav,Success,3.2978,0.0000,59.28,33.00,Phase_FFT,89.70,51.46
21:35:24,Moosmusic - Big Dummy Shake_bass.wav,Success,1.5581,0.0000,71.20,46.55,Phase_FFT,89.20,51.63
21:35:27,Moosmusic - Big Dummy Shake_drums.wav,Success,1.7478,0.0043,23.64,2.58,Phase_FFT,90.40,51.56
21:35:31,Moosmusic - Big Dummy Shake_mixture.wav,Success,2.1099,0.0140,18.53,1.76,Phase_FFT,87.20,51.52
21:35:34,Moosmusic - Big Dummy Shake_other.wav,Success,1.7422,0.0023,26.39,3.28,Phase_FFT,89.50,51.54
21:35:37,Moosmusic - Big Dummy Shake_vocals.wav,Success,1.7148,0.0021,26.75,3.65,Phase_FFT,89.80,51.56
21:35:41,Motor Tapes - Shore_bass.wav,Success,2.0020,0.0000,75.40,48.57,Phase_FFT,90.40,51.63
21:35:46,Motor Tapes - Shore_drums.wav,Success,2.6733,0.0000,53.07,22.45,Phase_FFT,86.40,51.61
21:35:49,Motor Tapes - Shore_mixture.wav,Success,2.2933,0.0039,24.08,5.81,Phase_FFT,90.30,51.64
21:35:53,Motor Tapes - Shore_other.wav,Success,1.9847,0.0003,34.69,13.50,Phase_FFT,89.20,51.54
21:35:56,Motor Tapes - Shore_vocals.wav,Success,2.0415,0.0001,39.08,15.36,Phase_FFT,89.60,51.66
21:36:00,Mu - Too Bright_bass.wav,Success,2.2990,0.0000,79.67,47.39,Phase_FFT,87.00,51.36
21:36:05,Mu - Too Bright_drums.wav,Success,2.3693,0.0020,27.02,4.35,Phase_FFT,90.30,51.52
21:36:09,Mu - Too Bright_mixture.wav,Success,2.3778,0.0058,22.38,2.98,Phase_FFT,90.00,51.50
21:36:13,Mu - Too Bright_other.wav,Success,2.8145,0.0000,66.44,40.54,Phase_FFT,83.80,51.58
21:36:18,Mu - Too Bright_vocals.wav,Success,2.5726,0.0012,29.23,3.90,Phase_FFT,90.20,51.62
21:36:19,Music Delta - 80s Rock_bass.wav,"Fail: Oversize: Can 816576 bits, chua 655350",0.0626,0.0000,0.00,0.00,Phase_FFT,47.60,50.70
21:36:20,Music Delta - 80s Rock_drums.wav,"Fail: Oversize: Can 816576 bits, chua 655350",0.0807,0.0000,0.00,0.00,Phase_FFT,37.00,50.86
21:36:21,Music Delta - 80s Rock_mixture.wav,"Fail: Oversize: Can 816576 bits, chua 655350",0.0643,0.0000,0.00,0.00,Phase_FFT,46.40,50.84
21:36:21,Music Delta - 80s Rock_other.wav,"Fail: Oversize: Can 816576 bits, chua 655350",0.0537,0.0000,0.00,0.00,Phase_FFT,37.00,50.86
21:36:22,Music Delta - 80s Rock_vocals.wav,"Fail: Oversize: Can 816576 bits, chua 655350",0.0569,0.0000,0.00,0.00,Phase_FFT,17.50,50.91
21:36:23,Music Delta - Beatles_bass.wav,"Fail: Oversize: Can 816576 bits, chua 655350",0.0515,0.0000,0.00,0.00,Phase_FFT,38.60,50.75
21:36:23,Music Delta - Beatles_drums.wav,"Fail: Oversize: Can 816576 bits, chua 655350",0.0508,0.0000,0.00,0.00,Phase_FFT,19.60,50.90
21:36:24,Music Delta - Beatles_mixture.wav,"Fail: Oversize: Can 816576 bits, chua 655350",0.0584,0.0000,0.00,0.00,Phase_FFT,34.00,50.83
21:36:25,Music Delta - Beatles_other.wav,"Fail: Oversize: Can 816576 bits, chua 655350",0.0523,0.0000,0.00,0.00,Phase_FFT,38.00,50.84
21:36:26,Music Delta - Beatles_vocals.wav,"Fail: Oversize: Can 816576 bits, chua 655350",0.0611,0.0000,0.00,0.00,Phase_FFT,16.30,50.71
21:36:26,Music Delta - Britpop_bass.wav,"Fail: Oversize: Can 816576 bits, chua 655350",0.0778,0.0000,0.00,0.00,Phase_FFT,12.80,50.86
21:36:27,Music Delta - Britpop_drums.wav,"Fail: Oversize: Can 816576 bits, chua 655350",0.0637,0.0000,0.00,0.00,Phase_FFT,15.60,50.90
21:36:28,Music Delta - Britpop_mixture.wav,"Fail: Oversize: Can 816576 bits, chua 655350",0.0561,0.0000,0.00,0.00,Phase_FFT,17.70,50.89
21:36:29,Music Delta - Britpop_other.wav,"Fail: Oversize: Can 816576 bits, chua 655350",0.0594,0.0000,0.00,0.00,Phase_FFT,33.40,50.95
21:36:30,Music Delta - Britpop_vocals.wav,"Fail: Oversize: Can 816576 bits, chua 655350",0.0689,0.0000,0.00,0.00,Phase_FFT,28.90,50.90
21:36:30,Music Delta - Country1_bass.wav,"Fail: Oversize: Can 816576 bits, chua 629136",0.0651,0.0000,0.00,0.00,Phase_FFT,15.30,50.93
21:36:31,Music Delta - Country1_drums.wav,"Fail: Oversize: Can 816576 bits, chua 629136",0.0576,0.0000,0.00,0.00,Phase_FFT,34.60,50.91
21:36:32,Music Delta - Country1_mixture.wav,"Fail: Oversize: Can 816576 bits, chua 629136",0.0462,0.0000,0.00,0.00,Phase_FFT,43.10,50.98
21:36:32,Music Delta - Country1_other.wav,"Fail: Oversize: Can 816576 bits, chua 629136",0.0482,0.0000,0.00,0.00,Phase_FFT,20.60,50.80
21:36:33,Music Delta - Country1_vocals.wav,"Fail: Oversize: Can 816576 bits, chua 629136",0.0461,0.0000,0.00,0.00,Phase_FFT,43.10,50.75
21:36:34,Music Delta - Country2_bass.wav,"Fail: Oversize: Can 816576 bits, chua 314568",0.0390,0.0000,0.00,0.00,Phase_FFT,50.90,50.71
21:36:34,Music Delta - Country2_drums.wav,"Fail: Oversize: Can 816576 bits, chua 314568",0.0292,0.0000,0.00,0.00,Phase_FFT,33.90,50.84
21:36:35,Music Delta - Country2_mixture.wav,"Fail: Oversize: Can 816576 bits, chua 314568",0.0312,0.0000,0.00,0.00,Phase_FFT,63.30,50.73
21:36:36,Music Delta - Country2_other.wav,"Fail: Oversize: Can 816576 bits, chua 314568",0.0248,0.0000,0.00,0.00,Phase_FFT,39.90,50.80
21:36:36,Music Delta - Country2_vocals.wav,"Fail: Oversize: Can 816576 bits, chua 314568",0.0292,0.0000,0.00,0.00,Phase_FFT,34.00,50.72
21:36:38,Music Delta - Disco_bass.wav,Success,1.2480,0.0000,56.13,30.58,Phase_FFT,88.90,79.64
21:36:41,Music Delta - Disco_drums.wav,Success,1.4372,0.0040,23.95,1.89,Phase_FFT,85.60,58.86
21:36:44,Music Delta - Disco_mixture.wav,Success,1.1275,0.0090,20.47,1.87,Phase_FFT,89.50,58.81
21:36:46,Music Delta - Disco_other.wav,Success,1.0795,0.0000,47.40,13.67,Phase_FFT,89.80,79.62
21:36:48,Music Delta - Disco_vocals.wav,Success,1.0844,0.0010,30.08,6.57,Phase_FFT,88.50,58.88
21:36:49,Music Delta - Gospel_bass.wav,Success,0.6805,0.0000,69.28,45.29,Phase_FFT,88.10,51.03
21:36:51,Music Delta - Gospel_drums.wav,Success,0.6862,0.0046,23.41,1.94,Phase_FFT,90.30,51.00
21:36:52,Music Delta - Gospel_mixture.wav,Success,0.6673,0.0210,16.78,1.16,Phase_FFT,91.40,50.97
21:36:54,Music Delta - Gospel_other.wav,Success,0.8006,0.0002,37.32,9.95,Phase_FFT,87.40,51.20
21:36:56,Music Delta - Gospel_vocals.wav,Success,0.8218,0.0091,20.40,2.01,Phase_FFT,86.40,50.91
21:36:57,Music Delta - Grunge_bass.wav,"Fail: Oversize: Can 816576 bits, chua 760206",0.0691,0.0000,0.00,0.00,Phase_FFT,43.20,50.86
21:36:58,Music Delta - Grunge_drums.wav,"Fail: Oversize: Can 816576 bits, chua 760206",0.0827,0.0000,0.00,0.00,Phase_FFT,24.10,50.82
21:36:59,Music Delta - Grunge_mixture.wav,"Fail: Oversize: Can 816576 bits, chua 760206",0.0666,0.0000,0.00,0.00,Phase_FFT,44.90,50.79
21:36:59,Music Delta - Grunge_other.wav,"Fail: Oversize: Can 816576 bits, chua 760206",0.0558,0.0000,0.00,0.00,Phase_FFT,53.40,50.86
21:37:00,Music Delta - Grunge_vocals.wav,"Fail: Oversize: Can 816576 bits, chua 760206",0.0589,0.0000,0.00,0.00,Phase_FFT,33.70,51.02
21:37:01,Music Delta - Hendrix_bass.wav,"Fail: Oversize: Can 816576 bits, chua 366996",0.0306,0.0000,0.00,0.00,Phase_FFT,32.40,50.84
21:37:01,Music Delta - Hendrix_drums.wav,"Fail: Oversize: Can 816576 bits, chua 366996",0.0346,0.0000,0.00,0.00,Phase_FFT,28.60,50.89
21:37:02,Music Delta - Hendrix_mixture.wav,"Fail: Oversize: Can 816576 bits, chua 366996",0.0342,0.0000,0.00,0.00,Phase_FFT,29.00,50.75
21:37:03,Music Delta - Hendrix_other.wav,"Fail: Oversize: Can 816576 bits, chua 366996",0.0313,0.0000,0.00,0.00,Phase_FFT,31.70,50.68
21:37:03,Music Delta - Hendrix_vocals.wav,"Fail: Oversize: Can 816576 bits, chua 366996",0.0326,0.0000,0.00,0.00,Phase_FFT,30.30,50.92
21:37:04,Music Delta - Punk_bass.wav,"Fail: Oversize: Can 816576 bits, chua 524280",0.0460,0.0000,0.00,0.00,Phase_FFT,43.20,51.02
21:37:04,Music Delta - Punk_drums.wav,"Fail: Oversize: Can 816576 bits, chua 524280",0.0423,0.0000,0.00,0.00,Phase_FFT,47.00,51.03
21:37:05,Music Delta - Punk_mixture.wav,"Fail: Oversize: Can 816576 bits, chua 524280",0.0407,0.0000,0.00,0.00,Phase_FFT,48.90,50.86
21:37:06,Music Delta - Punk_other.wav,"Fail: Oversize: Can 816576 bits, chua 524280",0.0398,0.0000,0.00,0.00,Phase_FFT,24.90,50.80
21:37:06,Music Delta - Punk_vocals.wav,"Fail: Oversize: Can 816576 bits, chua 524280",0.0496,0.0000,0.00,0.00,Phase_FFT,40.10,51.00
21:37:07,Music Delta - Reggae_bass.wav,"Fail: Oversize: Can 816576 bits, chua 314568",0.0311,0.0000,0.00,0.00,Phase_FFT,31.80,50.91
21:37:08,Music Delta - Reggae_drums.wav,"Fail: Oversize: Can 816576 bits, chua 314568",0.0297,0.0000,0.00,0.00,Phase_FFT,66.50,50.82
21:37:09,Music Delta - Reggae_mixture.wav,"Fail: Oversize: Can 816576 bits, chua 314568",0.0295,0.0000,0.00,0.00,Phase_FFT,33.30,50.71
21:37:09,Music Delta - Reggae_other.wav,"Fail: Oversize: Can 816576 bits, chua 314568",0.0316,0.0000,0.00,0.00,Phase_FFT,31.30,50.97
21:37:10,Music Delta - Reggae_vocals.wav,"Fail: Oversize: Can 816576 bits, chua 314568",0.0300,0.0000,0.00,0.00,Phase_FFT,32.90,50.84
21:37:11,Music Delta - Rock_bass.wav,"Fail: Oversize: Can 816576 bits, chua 235926",0.0236,0.0000,0.00,0.00,Phase_FFT,0.00,50.87
21:37:12,Music Delta - Rock_drums.wav,"Fail: Oversize: Can 816576 bits, chua 235926",0.0363,0.0000,0.00,0.00,Phase_FFT,0.00,50.90
21:37:12,Music Delta - Rock_mixture.wav,"Fail: Oversize: Can 816576 bits, chua 235926",0.0238,0.0000,0.00,0.00,Phase_FFT,41.60,50.62
21:37:13,Music Delta - Rock_other.wav,"Fail: Oversize: Can 816576 bits, chua 235926",0.0305,0.0000,0.00,0.00,Phase_FFT,32.40,50.78
21:37:14,Music Delta - Rock_vocals.wav,"Fail: Oversize: Can 816576 bits, chua 235926",0.0215,0.0000,0.00,0.00,Phase_FFT,0.00,50.62
21:37:14,Music Delta - Rockabilly_bass.wav,"Fail: Oversize: Can 816576 bits, chua 471852",0.0375,0.0000,0.00,0.00,Phase_FFT,52.90,50.86
21:37:15,Music Delta - Rockabilly_drums.wav,"Fail: Oversize: Can 816576 bits, chua 471852",0.0399,0.0000,0.00,0.00,Phase_FFT,24.90,50.96
21:37:15,Music Delta - Rockabilly_mixture.wav,"Fail: Oversize: Can 816576 bits, chua 471852",0.0391,0.0000,0.00,0.00,Phase_FFT,50.80,50.94
21:37:16,Music Delta - Rockabilly_other.wav,"Fail: Oversize: Can 816576 bits, chua 471852",0.0593,0.0000,0.00,0.00,Phase_FFT,16.80,50.95
21:37:17,Music Delta - Rockabilly_vocals.wav,"Fail: Oversize: Can 816576 bits, chua 471852",0.0402,0.0000,0.00,0.00,Phase_FFT,24.70,50.64
21:37:21,Nerve 9 - Pray For The Rain_bass.wav,Success,3.2221,0.0000,75.04,47.26,Phase_FFT,89.70,51.47
21:37:26,Nerve 9 - Pray For The Rain_drums.wav,Success,3.2934,0.0000,54.56,26.34,Phase_FFT,86.20,51.54
21:37:32,Nerve 9 - Pray For The Rain_mixture.wav,Success,3.0179,0.0033,24.86,5.34,Phase_FFT,89.80,51.40
21:37:37,Nerve 9 - Pray For The Rain_other.wav,Success,3.2984,0.0000,47.32,24.09,Phase_FFT,87.90,51.43
21:37:42,Nerve 9 - Pray For The Rain_vocals.wav,Success,2.9017,0.0009,30.49,5.51,Phase_FFT,89.60,51.48
21:37:45,Night Panther - Fire_bass.wav,Success,1.8311,0.0000,79.75,50.47,Phase_FFT,89.50,51.35
21:37:49,Night Panther - Fire_drums.wav,Success,1.9048,0.0007,31.33,5.23,Phase_FFT,87.70,51.47
21:37:53,Night Panther - Fire_mixture.wav,Success,2.2999,0.0082,20.87,2.28,Phase_FFT,86.50,51.34
21:37:56,Night Panther - Fire_other.wav,Success,1.9397,0.0000,68.68,44.93,Phase_FFT,91.20,51.38
21:37:59,Night Panther - Fire_vocals.wav,Success,1.9013,0.0029,25.32,3.12,Phase_FFT,88.90,51.56
21:38:03,North To Alaska - All The Same_bass.wav,Success,2.3288,0.0000,61.93,31.94,Phase_FFT,90.60,51.62
21:38:07,North To Alaska - All The Same_drums.wav,Success,2.6524,0.0003,34.72,6.35,Phase_FFT,87.80,51.66
21:38:12,North To Alaska - All The Same_mixture.wav,Success,2.3554,0.0039,24.05,3.33,Phase_FFT,90.80,51.60
21:38:16,North To Alaska - All The Same_other.wav,Success,2.4121,0.0007,31.36,7.11,Phase_FFT,89.10,51.73
21:38:20,North To Alaska - All The Same_vocals.wav,Success,2.6136,0.0006,32.45,6.01,Phase_FFT,86.80,51.71
21:38:23,PR - Happy Daze_bass.wav,Success,1.4652,0.0000,74.42,48.49,Phase_FFT,88.00,86.32
21:38:26,PR - Happy Daze_drums.wav,Success,1.5982,0.0179,17.48,1.76,Phase_FFT,89.50,58.78
21:38:28,PR - Happy Daze_mixture.wav,Success,1.4687,0.0205,16.89,1.76,Phase_FFT,87.80,59.05
21:38:31,PR - Happy Daze_other.wav,Success,1.5307,0.0000,59.90,29.95,Phase_FFT,89.50,86.28
21:38:34,PR - Happy Daze_vocals.wav,Success,1.7076,0.0000,82.99,42.51,Phase_FFT,86.70,86.43
21:38:36,PR - Oh No_bass.wav,Success,0.7367,0.0000,60.46,37.77,Phase_FFT,86.80,50.84
21:38:38,PR - Oh No_drums.wav,Success,0.7312,0.0092,20.37,1.91,Phase_FFT,87.50,51.02
21:38:39,PR - Oh No_mixture.wav,Success,0.7049,0.0023,26.45,4.41,Phase_FFT,90.80,51.09
21:38:41,PR - Oh No_other.wav,Success,0.7763,0.0000,52.96,26.27,Phase_FFT,90.10,50.90
21:38:43,PR - Oh No_vocals.wav,Success,0.6883,0.0000,50.01,15.09,Phase_FFT,90.00,51.09
21:38:47,Patrick Talbot - A Reason To Leave_bass.wav,Success,2.6665,0.0000,69.42,41.72,Phase_FFT,91.10,51.72
21:38:51,Patrick Talbot - A Reason To Leave_drums.wav,Success,2.6951,0.0000,55.07,28.56,Phase_FFT,87.90,51.69
21:38:56,Patrick Talbot - A Reason To Leave_mixture.wav,Success,2.7822,0.0011,29.51,8.55,Phase_FFT,89.80,51.68
21:39:00,Patrick Talbot - A Reason To Leave_other.wav,Success,2.2907,0.0000,58.10,30.56,Phase_FFT,90.80,51.59
21:39:05,Patrick Talbot - A Reason To Leave_vocals.wav,Success,2.7021,0.0003,34.75,8.49,Phase_FFT,87.00,51.73
21:39:10,Patrick Talbot - Set Me Free_bass.wav,Success,2.8808,0.0000,73.83,42.95,Phase_FFT,88.90,51.46
21:39:15,Patrick Talbot - Set Me Free_drums.wav,Success,2.7172,0.0000,55.82,29.04,Phase_FFT,88.70,51.65
21:39:21,Patrick Talbot - Set Me Free_mixture.wav,Success,3.9847,0.0000,51.32,30.57,Phase_FFT,79.30,51.48
21:39:26,Patrick Talbot - Set Me Free_other.wav,Success,2.5712,0.0000,54.87,29.98,Phase_FFT,87.50,51.44
21:39:31,Patrick Talbot - Set Me Free_vocals.wav,Success,2.5168,0.0000,58.36,31.89,Phase_FFT,87.40,51.68
21:39:36,Phre The Eon - Everybody's Falling Apart_bass.wav,Success,2.7747,0.0000,47.88,20.93,Phase_FFT,86.50,51.56
21:39:40,Phre The Eon - Everybody's Falling Apart_drums.wav,Success,2.5645,0.0026,25.93,5.41,Phase_FFT,87.30,51.47
21:39:45,Phre The Eon - Everybody's Falling Apart_mixture.wav,Success,2.6816,0.0085,20.73,3.04,Phase_FFT,87.60,51.61
21:39:50,Phre The Eon - Everybody's Falling Apart_other.wav,Success,2.5941,0.0010,29.86,6.57,Phase_FFT,83.60,51.54
21:39:55,Phre The Eon - Everybody's Falling Apart_vocals.wav,Success,2.4631,0.0003,34.92,6.73,Phase_FFT,84.80,51.48
21:40:01,Port St Willow - Stay Even_bass.wav,Success,3.7409,0.0000,97.14,61.30,Phase_FFT,87.40,51.65
21:40:07,Port St Willow - Stay Even_drums.wav,Success,3.0853,0.0001,41.23,12.71,Phase_FFT,88.80,51.66
21:40:12,Port St Willow - Stay Even_mixture.wav,Success,3.1323,0.0033,24.77,3.78,Phase_FFT,91.00,51.62
21:40:18,Port St Willow - Stay Even_other.wav,Success,3.7503,0.0001,41.74,18.37,Phase_FFT,88.80,51.72
21:40:23,Port St Willow - Stay Even_vocals.wav,Success,2.9309,0.0005,32.72,5.07,Phase_FFT,89.70,51.61
21:40:26,Punkdisco - Oral Hygiene_bass.wav,Success,2.0572,0.0000,50.11,28.13,Phase_FFT,91.90,51.61
21:40:31,Punkdisco - Oral Hygiene_drums.wav,Success,2.6970,0.0031,25.11,2.60,Phase_FFT,89.30,51.53
21:40:35,Punkdisco - Oral Hygiene_mixture.wav,Success,2.0920,0.0081,20.92,2.19,Phase_FFT,88.90,51.68
21:40:39,Punkdisco - Oral Hygiene_other.wav,Success,2.0808,0.0002,37.75,5.15,Phase_FFT,90.80,51.69
21:40:42,Punkdisco - Oral Hygiene_vocals.wav,Success,2.0116,0.0002,36.20,5.47,Phase_FFT,89.50,51.68
21:40:49,Raft Monk - Tiring_bass.wav,Success,3.4186,0.0000,64.80,42.75,Phase_FFT,84.50,51.68
21:40:56,Raft Monk - Tiring_drums.wav,Success,3.7192,0.0011,29.64,6.49,Phase_FFT,92.50,51.54
21:41:00,Raft Monk - Tiring_mixture.wav,Success,2.0424,0.0127,18.97,2.36,Phase_FFT,90.60,51.58
21:41:04,Raft Monk - Tiring_other.wav,Success,2.5611,0.0027,25.69,4.10,Phase_FFT,87.80,51.66
21:41:08,Raft Monk - Tiring_vocals.wav,Success,2.0206,0.0019,27.29,3.11,Phase_FFT,89.10,51.66
21:41:12,Remember December - C U Next Time_bass.wav,Success,2.3303,0.0000,64.58,40.54,Phase_FFT,89.70,51.43
21:41:17,Remember December - C U Next Time_drums.wav,Success,2.5706,0.0024,26.28,2.38,Phase_FFT,90.20,51.49
21:41:22,Remember December - C U Next Time_mixture.wav,Success,2.6965,0.0130,18.87,1.65,Phase_FFT,87.50,51.52
21:41:26,Remember December - C U Next Time_other.wav,Success,2.1507,0.0029,25.40,2.95,Phase_FFT,88.80,51.50
21:41:30,Remember December - C U Next Time_vocals.wav,Success,2.4057,0.0029,25.45,2.72,Phase_FFT,88.90,51.64
21:41:36,Sambasevam Shanmugam - Kaathaadi_bass.wav,Success,3.6689,0.0000,74.40,50.17,Phase_FFT,87.20,51.53
21:41:40,Sambasevam Shanmugam - Kaathaadi_drums.wav,Success,2.9655,0.0002,37.11,8.67,Phase_FFT,91.40,51.57
21:41:45,Sambasevam Shanmugam - Kaathaadi_mixture.wav,Success,3.1305,0.0024,26.29,6.93,Phase_FFT,89.80,51.66
21:41:52,Sambasevam Shanmugam - Kaathaadi_other.wav,Success,3.7294,0.0000,47.65,21.15,Phase_FFT,87.90,51.40
21:41:57,Sambasevam Shanmugam - Kaathaadi_vocals.wav,Success,2.7561,0.0000,52.46,28.72,Phase_FFT,91.10,51.66
21:42:04,Secret Mountains - High Horse_bass.wav,Success,4.3790,0.0000,75.40,50.70,Phase_FFT,85.90,51.49
21:42:10,Secret Mountains - High Horse_drums.wav,Success,3.5912,0.0003,35.25,6.40,Phase_FFT,91.00,51.58
21:42:15,Secret Mountains - High Horse_mixture.wav,Success,3.4036,0.0068,21.70,3.93,Phase_FFT,89.30,51.56
21:42:22,Secret Mountains - High Horse_other.wav,Success,3.7329,0.0000,46.18,25.85,Phase_FFT,87.60,51.53
21:42:43,Secret Mountains - High Horse_vocals.wav,Success,4.6843,0.0008,30.88,5.20,Phase_FFT,85.10,51.43
21:42:48,Secretariat - Borderline_bass.wav,Success,2.9297,0.0000,54.86,27.58,Phase_FFT,87.70,51.75
21:42:54,Secretariat - Borderline_drums.wav,Success,3.1857,0.0006,32.48,4.03,Phase_FFT,84.70,51.35
21:43:00,Secretariat - Borderline_mixture.wav,Success,3.3144,0.0084,20.76,1.94,Phase_FFT,86.90,51.46
21:43:04,Secretariat - Borderline_other.wav,Success,2.7075,0.0021,26.71,4.83,Phase_FFT,86.40,51.52
21:43:10,Secretariat - Borderline_vocals.wav,Success,3.3092,0.0017,27.61,2.92,Phase_FFT,86.40,51.55
21:43:15,Secretariat - Over The Top_bass.wav,Success,2.4253,0.0000,57.15,36.34,Phase_FFT,87.40,51.67
21:43:19,Secretariat - Over The Top_drums.wav,Success,2.6005,0.0034,24.73,1.44,Phase_FFT,88.40,51.68
21:43:24,Secretariat - Over The Top_mixture.wav,Success,2.7565,0.0164,17.85,1.04,Phase_FFT,85.20,51.64
21:43:28,Secretariat - Over The Top_other.wav,Success,2.6069,0.0017,27.63,4.89,Phase_FFT,86.30,51.62
21:43:32,Secretariat - Over The Top_vocals.wav,Success,2.1564,0.0017,27.78,1.83,Phase_FFT,88.60,51.72
21:43:36,Side Effects Project - Sing With Me_bass.wav,Success,2.3605,0.0000,63.30,33.54,Phase_FFT,90.20,51.49
21:43:41,Side Effects Project - Sing With Me_drums.wav,Success,3.0537,0.0018,27.48,4.88,Phase_FFT,86.10,51.38
21:43:45,Side Effects Project - Sing With Me_mixture.wav,Success,2.4845,0.0065,21.87,2.48,Phase_FFT,91.00,51.43
21:43:50,Side Effects Project - Sing With Me_other.wav,Success,2.5462,0.0000,49.07,14.98,Phase_FFT,91.10,51.41
21:43:55,Side Effects Project - Sing With Me_vocals.wav,Success,3.0578,0.0022,26.62,3.27,Phase_FFT,85.00,51.35
21:43:58,Signe Jakobsen - What Have You Done To Me_bass.wav,Success,1.8095,0.0000,74.91,47.03,Phase_FFT,89.00,88.61
21:44:02,Signe Jakobsen - What Have You Done To Me_drums.wav,Success,1.5934,0.0003,35.31,7.78,Phase_FFT,87.80,58.74
21:44:05,Signe Jakobsen - What Have You Done To Me_mixture.wav,Success,1.5993,0.0081,20.93,2.45,Phase_FFT,90.60,58.81
21:44:08,Signe Jakobsen - What Have You Done To Me_other.wav,Success,1.9840,0.0001,38.33,15.87,Phase_FFT,86.70,58.57
21:44:12,Signe Jakobsen - What Have You Done To Me_vocals.wav,Success,2.0567,0.0025,26.09,3.22,Phase_FFT,88.00,58.74
21:44:17,Skelpolu - Human Mistakes_bass.wav,Success,3.3557,0.0000,68.31,50.13,Phase_FFT,89.10,51.71
21:44:23,Skelpolu - Human Mistakes_drums.wav,Success,3.6184,0.0011,29.69,6.51,Phase_FFT,88.40,51.64
21:44:29,Skelpolu - Human Mistakes_mixture.wav,Success,3.2870,0.0061,22.13,6.38,Phase_FFT,91.30,51.57
21:44:35,Skelpolu - Human Mistakes_other.wav,Success,3.0605,0.0000,57.70,33.80,Phase_FFT,89.80,51.76
21:44:41,Skelpolu - Human Mistakes_vocals.wav,Success,3.9158,0.0000,116.87,90.32,Phase_FFT,87.10,51.61
21:44:47,Skelpolu - Resurrection_bass.wav,Success,3.5044,0.0000,80.52,62.19,Phase_FFT,90.20,51.62
21:44:53,Skelpolu - Resurrection_drums.wav,Success,4.0121,0.0031,25.07,2.63,Phase_FFT,87.70,51.65
21:45:00,Skelpolu - Resurrection_mixture.wav,Success,4.1659,0.0140,18.55,2.47,Phase_FFT,91.40,51.71
21:45:08,Skelpolu - Resurrection_other.wav,Success,4.5333,0.0006,32.53,7.61,Phase_FFT,88.70,51.57
21:45:14,Skelpolu - Resurrection_vocals.wav,Success,3.1216,0.0000,120.70,89.87,Phase_FFT,91.90,51.59
21:45:19,Skelpolu - Together Alone_bass.wav,Success,2.9106,0.0000,88.67,63.28,Phase_FFT,89.70,51.45
21:45:26,Skelpolu - Together Alone_drums.wav,Success,3.6562,0.0012,29.22,7.41,Phase_FFT,88.30,51.57
21:45:31,Skelpolu - Together Alone_mixture.wav,Success,3.1232,0.0034,24.73,6.66,Phase_FFT,90.00,51.52
21:45:36,Skelpolu - Together Alone_other.wav,Success,3.0893,0.0000,47.47,22.75,Phase_FFT,88.00,51.36
21:45:42,Skelpolu - Together Alone_vocals.wav,Success,3.3441,0.0000,94.19,68.34,Phase_FFT,88.80,51.51
21:45:47,Snowmine - Curfews_bass.wav,Success,2.4187,0.0000,72.25,52.19,Phase_FFT,89.70,51.64
21:45:53,Snowmine - Curfews_drums.wav,Success,3.4380,0.0000,46.42,14.72,Phase_FFT,87.30,51.56
21:45:57,Snowmine - Curfews_mixture.wav,Success,2.4816,0.0070,21.57,4.20,Phase_FFT,90.30,51.44
21:46:02,Snowmine - Curfews_other.wav,Success,2.7327,0.0003,34.98,12.30,Phase_FFT,89.60,51.60
21:46:08,Snowmine - Curfews_vocals.wav,Success,3.5231,0.0004,34.49,8.27,Phase_FFT,84.90,51.54
21:46:12,Speak Softly - Broken Man_bass.wav,Success,2.1178,0.0000,78.19,56.60,Phase_FFT,91.10,51.67
21:46:16,Speak Softly - Broken Man_drums.wav,Success,2.3862,0.0006,32.04,6.65,Phase_FFT,90.10,51.71
21:46:21,Speak Softly - Broken Man_mixture.wav,Success,2.6515,0.0062,22.04,4.09,Phase_FFT,89.40,51.65
21:46:26,Speak Softly - Broken Man_other.wav,Success,2.4266,0.0000,55.37,31.92,Phase_FFT,89.00,51.56
21:46:30,Speak Softly - Broken Man_vocals.wav,Success,2.4940,0.0003,35.71,7.86,Phase_FFT,91.00,51.56
21:46:35,Speak Softly - Like Horses_bass.wav,Success,2.8611,0.0000,113.12,90.32,Phase_FFT,87.00,51.72
21:46:41,Speak Softly - Like Horses_drums.wav,Success,3.1228,0.0006,32.02,4.84,Phase_FFT,90.60,51.61
21:46:46,Speak Softly - Like Horses_mixture.wav,Success,3.0755,0.0084,20.75,3.48,Phase_FFT,90.40,51.57
21:46:52,Speak Softly - Like Horses_other.wav,Success,3.6107,0.0000,54.57,32.05,Phase_FFT,85.00,51.51
21:46:58,Speak Softly - Like Horses_vocals.wav,Success,3.1720,0.0013,28.88,6.62,Phase_FFT,89.80,51.78
21:47:02,Spike Mullings - Mike's Sulking_bass.wav,Success,2.2051,0.0000,54.74,30.94,Phase_FFT,88.00,51.57
21:47:07,Spike Mullings - Mike's Sulking_drums.wav,Success,3.0552,0.0026,25.89,2.15,Phase_FFT,85.70,51.52
21:47:12,Spike Mullings - Mike's Sulking_mixture.wav,Success,2.6093,0.0118,19.29,2.03,Phase_FFT,88.90,51.66
21:47:16,Spike Mullings - Mike's Sulking_other.wav,Success,2.5244,0.0001,41.59,20.51,Phase_FFT,87.50,51.62
21:47:21,Spike Mullings - Mike's Sulking_vocals.wav,Success,3.0004,0.0016,28.06,2.62,Phase_FFT,85.30,51.61
21:47:25,St Vitus - Word Gets Around_bass.wav,Success,1.9962,0.0000,73.39,47.26,Phase_FFT,90.20,51.58
21:47:29,St Vitus - Word Gets Around_drums.wav,Success,1.9792,0.0000,48.37,22.66,Phase_FFT,88.40,51.53
21:47:34,St Vitus - Word Gets Around_mixture.wav,Success,2.6635,0.0020,26.98,6.54,Phase_FFT,87.50,51.48
21:47:39,St Vitus - Word Gets Around_other.wav,Success,2.6116,0.0000,53.02,19.58,Phase_FFT,90.00,51.59
21:47:43,St Vitus - Word Gets Around_vocals.wav,Success,2.2183,0.0006,32.13,7.49,Phase_FFT,90.10,51.67
21:47:48,Steven Clark - Bounty_bass.wav,Success,2.9089,0.0000,73.27,49.76,Phase_FFT,89.00,51.59
21:47:54,Steven Clark - Bounty_drums.wav,Success,2.9894,0.0000,46.54,18.24,Phase_FFT,88.60,51.70
21:47:58,Steven Clark - Bounty_mixture.wav,Success,2.7611,0.0076,21.21,3.00,Phase_FFT,90.50,51.58
21:48:03,Steven Clark - Bounty_other.wav,Success,2.8345,0.0004,33.56,11.23,Phase_FFT,89.60,51.79
21:48:08,Steven Clark - Bounty_vocals.wav,Success,2.6597,0.0014,28.58,3.81,Phase_FFT,89.10,51.55
21:48:12,Strand Of Oaks - Spacestation_bass.wav,Success,2.2137,0.0000,90.52,52.76,Phase_FFT,89.90,51.58
21:48:16,Strand Of Oaks - Spacestation_drums.wav,Success,2.2251,0.0008,31.04,5.77,Phase_FFT,89.90,51.65
21:48:21,Strand Of Oaks - Spacestation_mixture.wav,Success,2.9040,0.0047,23.32,2.46,Phase_FFT,86.10,51.54
21:48:24,Strand Of Oaks - Spacestation_other.wav,Success,2.2569,0.0000,61.59,36.28,Phase_FFT,89.00,51.62
21:48:28,Strand Of Oaks - Spacestation_vocals.wav,Success,2.1830,0.0011,29.55,2.76,Phase_FFT,88.90,51.63
21:48:35,Sweet Lights - You Let Me Down_bass.wav,Success,4.5063,0.0000,85.83,53.21,Phase_FFT,86.50,51.29
21:48:41,Sweet Lights - You Let Me Down_drums.wav,Success,3.5451,0.0000,52.23,24.79,Phase_FFT,89.40,51.55
21:48:47,Sweet Lights - You Let Me Down_mixture.wav,Success,3.9712,0.0013,28.90,9.65,Phase_FFT,88.60,51.57
21:48:54,Sweet Lights - You Let Me Down_other.wav,Success,3.6661,0.0000,48.47,25.62,Phase_FFT,90.60,51.48
21:49:00,Sweet Lights - You Let Me Down_vocals.wav,Success,3.6576,0.0001,40.41,16.72,Phase_FFT,89.40,51.46
21:49:06,Swinging Steaks - Lost My Way_bass.wav,Success,3.0932,0.0000,64.78,42.12,Phase_FFT,88.20,51.63
21:49:11,Swinging Steaks - Lost My Way_drums.wav,Success,3.0666,0.0005,32.90,3.31,Phase_FFT,90.00,51.55
21:49:17,Swinging Steaks - Lost My Way_mixture.wav,Success,4.0247,0.0103,19.89,2.51,Phase_FFT,85.70,51.67
21:49:22,Swinging Steaks - Lost My Way_other.wav,Success,2.6972,0.0026,25.79,5.36,Phase_FFT,90.10,51.40
21:49:27,Swinging Steaks - Lost My Way_vocals.wav,Success,3.1067,0.0007,31.41,5.66,Phase_FFT,91.10,51.57
21:49:32,The Districts - Vermont_bass.wav,Success,2.5289,0.0000,87.41,34.07,Phase_FFT,86.60,51.42
21:49:36,The Districts - Vermont_drums.wav,Success,2.1612,0.0000,51.94,13.37,Phase_FFT,88.40,51.51
21:49:40,The Districts - Vermont_mixture.wav,Success,2.0808,0.0076,21.21,2.78,Phase_FFT,89.90,51.47
21:49:44,The Districts - Vermont_other.wav,Success,2.3524,0.0035,24.59,4.00,Phase_FFT,89.70,51.49
21:49:49,The Districts - Vermont_vocals.wav,Success,2.5651,0.0024,26.21,3.59,Phase_FFT,88.10,51.63
21:49:54,The Doppler Shift - Atrophy_bass.wav,Success,3.0813,0.0000,79.60,51.59,Phase_FFT,89.90,51.71
21:50:00,The Doppler Shift - Atrophy_drums.wav,Success,3.5629,0.0003,35.44,13.97,Phase_FFT,90.10,51.49
21:50:05,The Doppler Shift - Atrophy_mixture.wav,Success,2.9425,0.0087,20.59,2.87,Phase_FFT,90.00,51.46
21:50:10,The Doppler Shift - Atrophy_other.wav,Success,2.8657,0.0000,53.83,30.54,Phase_FFT,88.30,51.46
21:50:17,The Doppler Shift - Atrophy_vocals.wav,Success,3.6333,0.0016,28.02,3.36,Phase_FFT,86.40,51.48
21:50:21,The Easton Ellises (Baumi) - SDRNR_bass.wav,Success,2.2478,0.0000,51.92,27.34,Phase_FFT,89.40,51.66
21:50:25,The Easton Ellises (Baumi) - SDRNR_drums.wav,Success,2.3636,0.0027,25.70,3.20,Phase_FFT,91.00,51.60
21:50:29,The Easton Ellises (Baumi) - SDRNR_mixture.wav,Success,2.6074,0.0122,19.13,1.71,Phase_FFT,86.30,51.61
21:50:34,The Easton Ellises (Baumi) - SDRNR_other.wav,Success,2.3387,0.0024,26.20,1.87,Phase_FFT,88.90,51.60
21:50:38,The Easton Ellises (Baumi) - SDRNR_vocals.wav,Success,2.4423,0.0024,26.17,3.45,Phase_FFT,90.50,51.68
21:50:42,The Easton Ellises - Falcon 69_bass.wav,Success,2.0320,0.0000,74.94,51.58,Phase_FFT,88.60,51.66
21:50:47,The Easton Ellises - Falcon 69_drums.wav,Success,2.9119,0.0035,24.56,3.18,Phase_FFT,85.20,51.58
21:50:51,The Easton Ellises - Falcon 69_mixture.wav,Success,2.1112,0.0126,19.00,2.28,Phase_FFT,90.90,51.63
21:50:55,The Easton Ellises - Falcon 69_other.wav,Success,2.1324,0.0011,29.69,6.90,Phase_FFT,90.00,51.73
21:51:02,The Easton Ellises - Falcon 69_vocals.wav,Success,3.2269,0.0011,29.42,5.66,Phase_FFT,86.40,51.57
21:51:06,The Long Wait - Back Home To Blue_bass.wav,Success,2.5753,0.0000,68.98,47.41,Phase_FFT,89.30,51.48
21:51:11,The Long Wait - Back Home To Blue_drums.wav,Success,2.4932,0.0002,36.63,9.16,Phase_FFT,89.00,51.54
21:51:15,The Long Wait - Back Home To Blue_mixture.wav,Success,2.9930,0.0040,24.00,5.67,Phase_FFT,85.50,51.45
21:51:20,The Long Wait - Back Home To Blue_other.wav,Success,2.3213,0.0000,47.40,22.58,Phase_FFT,88.70,51.38
21:51:24,The Long Wait - Back Home To Blue_vocals.wav,Success,2.4578,0.0004,34.06,8.37,Phase_FFT,89.50,51.59
21:51:30,The Long Wait - Dark Horses_bass.wav,Success,3.5365,0.0000,70.05,43.88,Phase_FFT,89.60,51.67
21:51:35,The Long Wait - Dark Horses_drums.wav,Success,2.8737,0.0002,36.49,7.30,Phase_FFT,91.20,51.61
21:51:41,The Long Wait - Dark Horses_mixture.wav,Success,2.9962,0.0027,25.76,4.70,Phase_FFT,89.80,51.54
21:51:47,The Long Wait - Dark Horses_other.wav,Success,3.7123,0.0000,48.55,22.77,Phase_FFT,85.60,51.44
21:51:52,The Long Wait - Dark Horses_vocals.wav,Success,2.6045,0.0002,37.41,9.33,Phase_FFT,91.40,51.67
21:51:56,The Mountaineering Club - Mallory_bass.wav,Success,2.1921,0.0000,68.62,44.72,Phase_FFT,88.50,51.68
21:52:02,The Mountaineering Club - Mallory_drums.wav,Success,3.0632,0.0000,45.28,18.76,Phase_FFT,85.20,51.63
21:52:06,The Mountaineering Club - Mallory_mixture.wav,Success,2.2053,0.0019,27.11,7.06,Phase_FFT,87.00,51.64
21:52:10,The Mountaineering Club - Mallory_other.wav,Success,2.2334,0.0000,47.96,21.37,Phase_FFT,85.10,51.68
21:52:14,The Mountaineering Club - Mallory_vocals.wav,Success,2.8061,0.0000,43.96,15.43,Phase_FFT,86.20,51.50
21:52:19,The Scarlet Brand - Les Fleurs Du Mal_bass.wav,Success,2.7722,0.0000,76.07,50.66,Phase_FFT,90.90,51.60
21:52:24,The Scarlet Brand - Les Fleurs Du Mal_drums.wav,Success,2.8639,0.0019,27.31,3.04,Phase_FFT,91.50,51.67
21:52:31,The Scarlet Brand - Les Fleurs Du Mal_mixture.wav,Success,3.7254,0.0061,22.16,2.69,Phase_FFT,86.20,51.70
21:52:36,The Scarlet Brand - Les Fleurs Du Mal_other.wav,Success,3.0592,0.0000,46.53,20.66,Phase_FFT,89.60,51.79
21:52:56,The Scarlet Brand - Les Fleurs Du Mal_vocals.wav,Success,4.9959,0.0000,52.45,25.61,Phase_FFT,77.80,50.92
21:53:00,The So So Glos - Emergency_bass.wav,Success,1.6325,0.0000,56.93,32.70,Phase_FFT,88.20,86.81
21:53:03,The So So Glos - Emergency_drums.wav,Success,1.8379,0.0026,25.77,3.21,Phase_FFT,90.80,58.73
21:53:06,The So So Glos - Emergency_mixture.wav,Success,1.6265,0.0124,19.07,1.79,Phase_FFT,88.50,58.73
21:53:11,The So So Glos - Emergency_other.wav,Success,2.5067,0.0026,25.91,3.55,Phase_FFT,79.80,58.80
21:53:14,The So So Glos - Emergency_vocals.wav,Success,1.7708,0.0021,26.86,2.37,Phase_FFT,90.90,58.84
21:53:19,The Sunshine Garcia Band - For I Am The Moon_bass.wav,Success,2.8034,0.0000,72.29,48.41,Phase_FFT,88.10,51.30
21:53:25,The Sunshine Garcia Band - For I Am The Moon_drums.wav,Success,3.6595,0.0005,33.38,9.87,Phase_FFT,87.40,51.33
21:53:30,The Sunshine Garcia Band - For I Am The Moon_mixture.wav,Success,3.0515,0.0066,21.81,3.00,Phase_FFT,88.10,51.32
21:53:35,The Sunshine Garcia Band - For I Am The Moon_other.wav,Success,2.8337,0.0000,49.76,17.94,Phase_FFT,90.00,51.41
21:53:42,The Sunshine Garcia Band - For I Am The Moon_vocals.wav,Success,4.1014,0.0018,27.46,3.47,Phase_FFT,85.80,51.41
21:53:45,The Wrong'Uns - Rothko_bass.wav,Success,1.6451,0.0000,74.58,49.04,Phase_FFT,88.70,51.60
21:53:49,The Wrong'Uns - Rothko_drums.wav,Success,1.9178,0.0003,34.70,9.87,Phase_FFT,87.60,51.48
21:53:52,The Wrong'Uns - Rothko_mixture.wav,Success,2.1214,0.0066,21.83,3.44,Phase_FFT,89.10,51.56
21:53:57,The Wrong'Uns - Rothko_other.wav,Success,2.3561,0.0001,41.42,17.97,Phase_FFT,88.30,51.49
21:54:00,The Wrong'Uns - Rothko_vocals.wav,Success,2.0174,0.0014,28.53,4.46,Phase_FFT,87.70,51.50
21:54:04,Tim Taler - Stalker_bass.wav,Success,2.5054,0.0000,56.32,28.69,Phase_FFT,89.80,51.67
21:54:08,Tim Taler - Stalker_drums.wav,Success,2.5772,0.0004,34.47,6.06,Phase_FFT,83.40,51.38
21:54:12,Tim Taler - Stalker_mixture.wav,Success,2.2447,0.0034,24.68,3.61,Phase_FFT,87.30,51.66
21:54:16,Tim Taler - Stalker_other.wav,Success,2.2100,0.0000,48.81,22.50,Phase_FFT,90.00,51.54
21:54:19,Tim Taler - Stalker_vocals.wav,Success,1.9273,0.0007,31.28,5.05,Phase_FFT,88.70,51.49
21:54:24,Timboz - Pony_bass.wav,Success,2.6293,0.0000,74.54,43.74,Phase_FFT,85.60,51.50
21:54:28,Timboz - Pony_drums.wav,Success,2.3947,0.0013,28.78,2.76,Phase_FFT,90.60,51.47
21:54:32,Timboz - Pony_mixture.wav,Success,2.2468,0.0092,20.35,1.95,Phase_FFT,89.90,51.67
21:54:36,Timboz - Pony_other.wav,Success,2.4405,0.0037,24.32,4.22,Phase_FFT,89.30,51.52
21:54:40,Timboz - Pony_vocals.wav,Success,2.6739,0.0002,36.49,7.70,Phase_FFT,86.00,51.43
21:54:44,Titanium - Haunted Age_bass.wav,Success,2.4819,0.0000,62.62,36.71,Phase_FFT,89.80,51.25
21:54:49,Titanium - Haunted Age_drums.wav,Success,2.4792,0.0018,27.39,1.50,Phase_FFT,90.30,51.27
21:54:54,Titanium - Haunted Age_mixture.wav,Success,3.1090,0.0089,20.51,1.49,Phase_FFT,85.20,51.54
21:54:58,Titanium - Haunted Age_other.wav,Success,2.1675,0.0031,25.14,2.96,Phase_FFT,90.00,51.46
21:55:06,Titanium - Haunted Age_vocals.wav,Success,4.1258,0.0002,37.37,8.63,Phase_FFT,90.20,51.51
21:55:13,Tom McKenzie - Directions_bass.wav,Success,2.7152,0.0000,117.49,90.32,Phase_FFT,79.10,88.40
21:55:16,Tom McKenzie - Directions_drums.wav,Success,1.6112,0.0002,37.30,15.98,Phase_FFT,90.00,58.75
21:55:19,Tom McKenzie - Directions_mixture.wav,Success,1.6392,0.0044,23.52,4.26,Phase_FFT,91.50,58.69
21:55:23,Tom McKenzie - Directions_other.wav,Success,1.9842,0.0000,60.96,32.06,Phase_FFT,85.20,88.55
21:55:27,Tom McKenzie - Directions_vocals.wav,Success,2.2195,0.0004,33.85,5.27,Phase_FFT,82.40,58.82
21:55:35,Traffic Experiment - Once More (With Feeling)_bass.wav,Success,4.8784,0.0000,71.60,48.86,Phase_FFT,88.50,51.73
21:55:43,Traffic Experiment - Once More (With Feeling)_drums.wav,Success,6.0220,0.0003,35.45,8.41,Phase_FFT,78.40,51.46
21:55:51,Traffic Experiment - Once More (With Feeling)_mixture.wav,Success,4.4652,0.0073,21.35,3.02,Phase_FFT,86.90,51.50
21:55:59,Traffic Experiment - Once More (With Feeling)_other.wav,Success,5.6761,0.0020,27.00,4.61,Phase_FFT,87.90,51.64
21:56:06,Traffic Experiment - Once More (With Feeling)_vocals.wav,Success,4.0019,0.0004,33.81,5.98,Phase_FFT,88.70,51.50
21:56:13,Traffic Experiment - Sirens_bass.wav,Success,4.5795,0.0000,54.72,25.90,Phase_FFT,84.30,51.52
21:56:19,Traffic Experiment - Sirens_drums.wav,Success,3.8237,0.0007,31.35,4.92,Phase_FFT,88.70,51.41
21:56:27,Traffic Experiment - Sirens_mixture.wav,Success,4.8887,0.0091,20.41,2.54,Phase_FFT,87.70,51.31
21:56:34,Traffic Experiment - Sirens_other.wav,Success,4.2617,0.0042,23.75,3.86,Phase_FFT,89.40,51.36
21:56:41,Traffic Experiment - Sirens_vocals.wav,Success,4.0371,0.0012,29.32,3.18,Phase_FFT,87.20,51.33
21:56:46,Triviul - Angelsaint_bass.wav,Success,2.1531,0.0000,70.86,48.68,Phase_FFT,89.60,51.43
21:56:50,Triviul - Angelsaint_drums.wav,Success,2.3524,0.0000,48.91,22.92,Phase_FFT,89.30,51.39
21:56:55,Triviul - Angelsaint_mixture.wav,Success,2.4654,0.0068,21.65,4.55,Phase_FFT,87.20,51.38
21:56:59,Triviul - Angelsaint_other.wav,Success,2.6912,0.0000,45.86,22.90,Phase_FFT,88.10,51.37
21:57:03,Triviul - Angelsaint_vocals.wav,Success,2.1396,0.0019,27.22,4.96,Phase_FFT,89.70,51.30
21:57:06,Triviul - Dorothy_bass.wav,Success,1.8272,0.0000,77.70,49.08,Phase_FFT,89.70,90.43
21:57:11,Triviul - Dorothy_drums.wav,Success,2.4524,0.0007,31.30,6.53,Phase_FFT,83.20,58.84
21:57:15,Triviul - Dorothy_mixture.wav,Success,1.8535,0.0044,23.56,3.41,Phase_FFT,90.10,58.67
21:57:19,Triviul - Dorothy_other.wav,Success,1.9670,0.0001,42.78,13.11,Phase_FFT,90.00,58.82
21:57:22,Triviul - Dorothy_vocals.wav,Success,1.8134,0.0012,29.16,5.16,Phase_FFT,89.90,58.95
21:57:27,Triviul feat. The Fiend - Widow_bass.wav,Success,3.0932,0.0000,53.62,28.58,Phase_FFT,83.10,51.53
21:57:31,Triviul feat. The Fiend - Widow_drums.wav,Success,2.3126,0.0009,30.69,2.95,Phase_FFT,89.50,51.59
21:57:35,Triviul feat. The Fiend - Widow_mixture.wav,Success,2.2079,0.0070,21.55,2.00,Phase_FFT,90.10,51.62
21:57:40,Triviul feat. The Fiend - Widow_other.wav,Success,2.6441,0.0001,39.24,11.32,Phase_FFT,88.90,51.42
21:57:44,Triviul feat. The Fiend - Widow_vocals.wav,Success,2.3306,0.0020,27.00,3.64,Phase_FFT,90.50,51.56
21:57:47,Voelund - Comfort Lives In Belief_bass.wav,Success,1.8747,0.0000,66.27,39.29,Phase_FFT,87.50,51.39
21:57:51,Voelund - Comfort Lives In Belief_drums.wav,Success,1.9368,0.0010,30.05,3.03,Phase_FFT,88.80,51.54
21:57:55,Voelund - Comfort Lives In Belief_mixture.wav,Success,2.5641,0.0082,20.88,2.26,Phase_FFT,88.50,51.43
21:58:00,Voelund - Comfort Lives In Belief_other.wav,Success,2.1539,0.0018,27.38,4.71,Phase_FFT,90.50,51.62
21:58:03,Voelund - Comfort Lives In Belief_vocals.wav,Success,2.0566,0.0018,27.37,3.79,Phase_FFT,90.40,51.63
21:58:08,Wall Of Death - Femme_bass.wav,Success,2.3646,0.0001,40.92,14.86,Phase_FFT,88.40,51.49
21:58:12,Wall Of Death - Femme_drums.wav,Success,2.9178,0.0051,22.94,1.73,Phase_FFT,87.00,51.33
21:58:16,Wall Of Death - Femme_mixture.wav,Success,2.1710,0.0175,17.58,1.25,Phase_FFT,91.20,51.50
21:58:20,Wall Of Death - Femme_other.wav,Success,2.1512,0.0035,24.58,5.19,Phase_FFT,88.80,51.42
21:58:25,Wall Of Death - Femme_vocals.wav,Success,3.1025,0.0009,30.41,2.87,Phase_FFT,85.70,51.48
21:58:29,We Fell From The Sky - Not You_bass.wav,Success,1.9030,0.0000,70.71,39.00,Phase_FFT,87.70,51.44
21:58:32,We Fell From The Sky - Not You_drums.wav,Success,1.9705,0.0006,32.38,10.11,Phase_FFT,90.80,51.46
21:58:35,We Fell From The Sky - Not You_mixture.wav,Success,1.8291,0.0068,21.67,2.57,Phase_FFT,88.00,51.34
21:58:40,We Fell From The Sky - Not You_other.wav,Success,2.6044,0.0013,28.95,5.44,Phase_FFT,86.80,51.33
21:58:43,We Fell From The Sky - Not You_vocals.wav,Success,1.6668,0.0005,32.73,3.39,Phase_FFT,91.20,51.50
21:58:47,Young Griffo - Blood To Bone_bass.wav,Success,2.1379,0.0000,60.83,39.96,Phase_FFT,89.80,51.46
21:58:52,Young Griffo - Blood To Bone_drums.wav,Success,2.7181,0.0000,53.87,29.52,Phase_FFT,89.00,51.36
21:58:57,Young Griffo - Blood To Bone_mixture.wav,Success,2.9325,0.0051,22.94,4.87,Phase_FFT,88.30,51.37
21:59:01,Young Griffo - Blood To Bone_other.wav,Success,2.2610,0.0000,45.93,19.11,Phase_FFT,89.80,51.27
21:59:05,Young Griffo - Blood To Bone_vocals.wav,Success,2.3137,0.0005,33.39,5.28,Phase_FFT,92.00,51.45
21:59:09,Young Griffo - Facade_bass.wav,Success,2.1492,0.0000,70.55,44.59,Phase_FFT,83.30,87.17
21:59:13,Young Griffo - Facade_drums.wav,Success,1.7312,0.0010,30.05,4.87,Phase_FFT,88.90,58.87
21:59:15,Young Griffo - Facade_mixture.wav,Success,1.4741,0.0092,20.38,2.34,Phase_FFT,89.50,58.77
21:59:19,Young Griffo - Facade_other.wav,Success,1.6218,0.0027,25.66,3.17,Phase_FFT,90.60,58.89
21:59:21,Young Griffo - Facade_vocals.wav,Success,1.5499,0.0017,27.81,4.33,Phase_FFT,86.40,58.73
21:59:27,Young Griffo - Pennies_bass.wav,Success,3.2006,0.0000,60.50,39.68,Phase_FFT,88.40,51.37
21:59:31,Young Griffo - Pennies_drums.wav,Success,2.4762,0.0022,26.61,2.86,Phase_FFT,90.00,51.59
21:59:36,Young Griffo - Pennies_mixture.wav,Success,3.0111,0.0135,18.70,1.71,Phase_FFT,90.30,51.45
21:59:41,Young Griffo - Pennies_other.wav,Success,2.9228,0.0013,28.81,4.17,Phase_FFT,88.30,51.37
21:59:46,Young Griffo - Pennies_vocals.wav,Success,2.6419,0.0021,26.71,2.81,Phase_FFT,90.10,51.33
21:59:50,Zeno - Signs_bass.wav,Success,2.0309,0.0000,76.90,48.70,Phase_FFT,89.10,51.48
21:59:55,Zeno - Signs_drums.wav,Success,2.6584,0.0008,30.78,6.43,Phase_FFT,86.50,51.62
21:59:59,Zeno - Signs_mixture.wav,Success,2.3960,0.0106,19.74,2.06,Phase_FFT,91.80,51.61
22:00:03,Zeno - Signs_other.wav,Success,2.4736,0.0002,37.67,16.47,Phase_FFT,88.50,51.50
22:00:09,Zeno - Signs_vocals.wav,Success,3.0193,0.0026,25.84,2.31,Phase_FFT,85.40,51.59
