Timestamp,Filename,Type,OriginalFileSize_KB,MSE,PSNR,SNR,BER,EmbeddingTime_s,DecodingTime_s,CPU_Time_s,Memory_Increase_MB
2025-11-20 19:43:37,A Classic Education - NightOwl_bass.wav,TEXT/BIN,29533.293,0.0,139.9,122.47,0.0,1.7201,1.0684,1.9619,0.0
2025-11-20 19:43:40,A Classic Education - NightOwl_mixture.wav,TEXT/BIN,29533.293,0.0,140.77,124.83,0.0,2.3584,1.6509,2.9036,0.0
2025-11-20 19:43:44,A Classic Education - NightOwl_drums.wav,TEXT/BIN,29533.293,0.0,139.41,104.4,0.0,1.4861,1.0664,1.9392,0.0
2025-11-20 19:43:47,A Classic Education - NightOwl_vocals.wav,TEXT/BIN,29533.293,0.0,140.46,114.45,0.0,1.6414,1.1153,1.9782,0.0
2025-11-20 19:43:50,A Classic Education - NightOwl_other.wav,TEXT/BIN,29533.293,0.0,139.5,116.16,0.0,1.9797,1.0539,1.9148,0.0
2025-11-20 19:43:53,ANiMAL - Clinic A_bass.wav,TEXT/BIN,41007.7227,0.0,141.43,120.2,0.0,2.8889,1.7667,3.6167,39.9141
2025-11-20 19:43:58,ANiMAL - Clinic A_drums.wav,TEXT/BIN,41007.7227,0.0,141.17,112.66,0.0,9.1625,2.32,8.7718,0.0
2025-11-20 19:44:11,ANiMAL - Clinic A_other.wav,TEXT/BIN,41007.7227,0.0,141.17,117.75,0.0,2.4426,1.5618,2.8529,39.9219
2025-11-20 19:44:15,ANiMAL - Clinic A_mixture.wav,TEXT/BIN,41007.7227,0.0,141.89,124.11,0.0,2.1604,1.4754,2.7248,0.0
2025-11-20 19:44:19,ANiMAL - Easy Tiger_bass.wav,TEXT/BIN,35427.8281,0.0,140.44,116.56,0.0,2.1238,1.8826,2.97,34.4648
2025-11-20 19:44:24,ANiMAL - Clinic A_vocals.wav,TEXT/BIN,41007.7227,0.0,141.83,116.83,0.0,2.5157,1.4585,2.7848,5.4414
2025-11-20 19:44:28,ANiMAL - Easy Tiger_drums.wav,TEXT/BIN,35427.8281,0.0,141.5,118.49,0.0,1.9337,1.38,2.4376,0.0
2025-11-20 19:44:31,ANiMAL - Easy Tiger_mixture.wav,TEXT/BIN,35427.8281,0.0,140.44,121.97,0.0,1.7276,1.3575,2.4123,34.4648
2025-11-20 19:44:35,ANiMAL - Easy Tiger_vocals.wav,TEXT/BIN,35427.8281,0.0,140.54,115.69,0.0,2.5481,1.4951,3.0918,0.0
2025-11-20 19:44:39,ANiMAL - Easy Tiger_other.wav,TEXT/BIN,35427.8281,0.0,140.85,114.12,0.0,1.9863,1.3934,2.3861,34.4648
2025-11-20 19:44:43,ANiMAL - Rockshow_bass.wav,TEXT/BIN,28543.8398,0.0,139.4,117.33,0.0,1.6929,1.0346,1.9158,0.0
2025-11-20 19:44:46,ANiMAL - Rockshow_other.wav,TEXT/BIN,28543.8398,0.0,140.95,112.85,0.0,1.8475,1.5794,2.5656,0.0
2025-11-20 19:44:50,ANiMAL - Rockshow_drums.wav,TEXT/BIN,28543.8398,0.0,139.65,115.87,0.0,1.913,1.1241,2.0061,0.0
2025-11-20 19:44:53,ANiMAL - Rockshow_vocals.wav,TEXT/BIN,28543.8398,0.0,140.08,113.85,0.0,1.6374,1.0624,1.9752,0.0
2025-11-20 19:44:56,ANiMAL - Rockshow_mixture.wav,TEXT/BIN,28543.8398,0.0,139.36,120.9,0.0,1.5946,1.0262,1.936,0.0
2025-11-20 19:44:59,Actions - Devil's Words_bass.wav,TEXT/BIN,33903.2422,0.0,140.56,116.86,0.0,1.9874,1.8639,2.9516,32.9766
2025-11-20 19:45:03,Actions - Devil's Words_drums.wav,TEXT/BIN,33903.2422,0.0,140.83,118.55,0.0,1.7331,1.2823,2.3106,0.0
2025-11-20 19:45:06,Actions - Devil's Words_mixture.wav,TEXT/BIN,33903.2422,0.0,140.4,124.04,0.0,1.7515,1.2112,2.2764,32.9766
2025-11-20 19:45:09,Actions - Devil's Words_other.wav,TEXT/BIN,33903.2422,0.0,140.35,118.31,0.0,1.9682,1.2235,2.3628,0.0
2025-11-20 19:45:13,Actions - One Minute Smile_drums.wav,TEXT/BIN,28177.8945,0.0,140.03,117.87,0.0,2.2485,1.5806,2.7821,0.0
2025-11-20 19:45:17,Actions - Devil's Words_vocals.wav,TEXT/BIN,33903.2422,0.0,141.0,119.24,0.0,2.0699,1.2449,2.2952,32.9766
2025-11-20 19:45:21,Actions - One Minute Smile_bass.wav,TEXT/BIN,28177.8945,0.0,139.6,111.44,0.0,1.6782,1.0007,1.864,0.0
2025-11-20 19:45:23,Actions - One Minute Smile_other.wav,TEXT/BIN,28177.8945,0.0,139.6,118.73,0.0,1.7044,1.0451,1.9314,0.0
2025-11-20 19:45:27,Actions - One Minute Smile_mixture.wav,TEXT/BIN,28177.8945,0.0,140.03,123.85,0.0,2.2999,1.0723,2.3092,0.0
2025-11-20 19:45:30,Actions - One Minute Smile_vocals.wav,TEXT/BIN,28177.8945,0.0,139.25,118.45,0.0,1.2827,1.021,1.8536,0.0
2025-11-20 19:45:33,Actions - South Of The Water_drums.wav,TEXT/BIN,30457.1016,0.0,140.31,115.42,0.0,1.5661,1.2359,2.116,0.0
2025-11-20 19:45:36,Actions - South Of The Water_mixture.wav,TEXT/BIN,30457.1016,0.0,139.78,122.59,0.0,1.7194,1.1037,2.0703,0.0
2025-11-20 19:45:39,Actions - South Of The Water_bass.wav,TEXT/BIN,30457.1016,0.0,140.36,118.37,0.0,2.4024,1.4241,2.7883,0.0
2025-11-20 19:45:43,Actions - South Of The Water_other.wav,TEXT/BIN,30457.1016,0.0,140.31,116.35,0.0,1.8449,1.1005,2.0703,0.0
2025-11-20 19:45:46,Aimee Norwich - Child_drums.wav,TEXT/BIN,32604.6602,0.0,140.08,117.47,0.0,2.2907,1.1538,2.1805,0.0
2025-11-20 19:45:50,Aimee Norwich - Child_bass.wav,TEXT/BIN,32604.6602,0.0,141.14,122.76,0.0,2.8824,1.7754,2.8495,0.0
2025-11-20 19:45:55,Actions - South Of The Water_vocals.wav,TEXT/BIN,30457.1016,0.0,140.25,117.7,0.0,1.6725,1.104,2.0468,0.0
2025-11-20 19:45:58,Aimee Norwich - Child_other.wav,TEXT/BIN,32604.6602,0.0,140.33,114.0,0.0,1.9906,1.1736,2.2069,0.0
2025-11-20 19:46:01,Aimee Norwich - Child_vocals.wav,TEXT/BIN,32604.6602,0.0,139.7,111.97,0.0,1.794,1.1826,2.194,0.0
2025-11-20 19:46:05,Aimee Norwich - Child_mixture.wav,TEXT/BIN,32604.6602,0.0,139.66,123.46,0.0,2.616,1.7188,3.0769,0.0
2025-11-20 19:46:09,Alexander Ross - Goodbye Bolero_bass.wav,TEXT/BIN,72147.7734,0.0,144.0,114.42,0.0,3.8131,2.6455,5.0537,21.8984
2025-11-20 19:46:16,Alexander Ross - Goodbye Bolero_drums.wav,TEXT/BIN,72147.7734,0.0,143.68,114.52,0.0,4.0805,3.1948,5.7972,0.0
2025-11-20 19:46:24,Alexander Ross - Goodbye Bolero_mixture.wav,TEXT/BIN,72147.7734,0.0,143.63,123.43,0.0,3.7368,2.7481,4.9489,0.0
2025-11-20 19:46:31,Alexander Ross - Goodbye Bolero_other.wav,TEXT/BIN,72147.7734,0.0,144.17,121.09,0.0,4.3547,2.8422,5.788,0.0
2025-11-20 19:46:39,Alexander Ross - Velvet Curtain_bass.wav,TEXT/BIN,88628.6797,0.0,145.06,110.65,0.0,4.1177,4.3629,7.0792,5.0156
2025-11-20 19:46:48,Alexander Ross - Goodbye Bolero_vocals.wav,TEXT/BIN,72147.7734,0.0,144.17,117.83,0.0,3.2705,3.0168,5.1649,0.0
2025-11-20 19:46:55,Alexander Ross - Velvet Curtain_drums.wav,TEXT/BIN,88628.6797,0.0,145.23,108.85,0.0,4.8027,3.5893,6.9632,0.0
2025-11-20 19:47:04,Alexander Ross - Velvet Curtain_mixture.wav,TEXT/BIN,88628.6797,0.0,145.23,116.84,0.0,8.3285,3.6925,6.9459,0.0078
2025-11-20 19:47:17,Alexander Ross - Velvet Curtain_other.wav,TEXT/BIN,88628.6797,0.0,144.28,111.08,0.0,4.2354,3.837,6.498,0.0
2025-11-20 19:47:26,Angela Thomas Wade - Milk Cow Blues_bass.wav,TEXT/BIN,36363.4727,0.0,141.36,113.0,0.0,1.8688,1.2988,2.3741,8.457
2025-11-20 19:47:29,Alexander Ross - Velvet Curtain_vocals.wav,TEXT/BIN,88628.6797,0.0,145.35,111.18,0.0,5.3229,4.0048,6.6525,0.0
2025-11-20 19:47:39,Angela Thomas Wade - Milk Cow Blues_drums.wav,TEXT/BIN,36363.4727,0.0,140.86,115.9,0.0,1.7643,1.294,2.3832,0.0
2025-11-20 19:47:43,Angela Thomas Wade - Milk Cow Blues_other.wav,TEXT/BIN,36363.4727,0.0,140.65,116.92,0.0,2.3805,1.381,2.6583,35.3789
2025-11-20 19:47:47,Angela Thomas Wade - Milk Cow Blues_mixture.wav,TEXT/BIN,36363.4727,0.0,140.7,121.07,0.0,1.8689,1.4373,2.4876,0.0
2025-11-20 19:47:50,Atlantis Bound - It Was My Fault For Waiting_bass.wav,TEXT/BIN,46207.9883,0.0,142.01,114.06,0.0,2.8968,1.8394,3.8395,44.9922
2025-11-20 19:47:55,Angela Thomas Wade - Milk Cow Blues_vocals.wav,TEXT/BIN,36363.4727,0.0,141.67,114.74,0.0,1.9211,1.281,2.3386,0.0
2025-11-20 19:47:59,Atlantis Bound - It Was My Fault For Waiting_drums.wav,TEXT/BIN,46207.9883,0.0,142.06,118.02,0.0,2.9739,2.3792,3.9137,44.9922
2025-11-20 19:48:05,Atlantis Bound - It Was My Fault For Waiting_mixture.wav,TEXT/BIN,46207.9883,0.0,141.59,121.13,0.0,2.6737,1.6997,3.0704,0.0
2025-11-20 19:48:09,Atlantis Bound - It Was My Fault For Waiting_vocals.wav,TEXT/BIN,46207.9883,0.0,142.35,115.23,0.0,2.4201,1.8208,3.3989,45.0039
2025-11-20 19:48:14,Atlantis Bound - It Was My Fault For Waiting_other.wav,TEXT/BIN,46207.9883,0.0,142.01,113.78,0.0,2.7169,2.3059,4.0694,0.0
2025-11-20 19:48:19,Auctioneer - Our Future Faces_drums.wav,TEXT/BIN,35811.043,0.0,139.68,111.79,0.0,1.9318,1.3076,2.3716,34.8398
2025-11-20 19:48:23,Auctioneer - Our Future Faces_bass.wav,TEXT/BIN,35811.043,0.0,140.64,119.15,0.0,2.3573,1.3226,2.369,0.0
2025-11-20 19:48:27,Auctioneer - Our Future Faces_other.wav,TEXT/BIN,35811.043,0.0,140.74,117.39,0.0,2.205,2.0687,3.2357,34.8398
2025-11-20 19:48:32,Auctioneer - Our Future Faces_mixture.wav,TEXT/BIN,35811.043,0.0,141.18,123.4,0.0,1.9134,1.2619,2.293,0.0
2025-11-20 19:48:35,AvaLuna - Waterduct_bass.wav,TEXT/BIN,44669.4102,0.0,141.55,116.05,0.0,2.533,1.789,3.3104,43.4883
2025-11-20 19:48:40,Auctioneer - Our Future Faces_vocals.wav,TEXT/BIN,35811.043,0.0,140.59,115.92,0.0,1.9037,1.991,3.0464,0.0
2025-11-20 19:48:44,AvaLuna - Waterduct_mixture.wav,TEXT/BIN,44669.4102,0.0,141.55,120.07,0.0,2.7771,1.8498,3.3177,43.4883
2025-11-20 19:48:49,AvaLuna - Waterduct_drums.wav,TEXT/BIN,44669.4102,0.0,142.2,115.71,0.0,2.2411,1.5945,2.9041,0.0
2025-11-20 19:48:53,AvaLuna - Waterduct_vocals.wav,TEXT/BIN,44669.4102,0.0,142.26,112.45,0.0,3.4676,2.0522,4.1363,43.4883
2025-11-20 19:48:59,AvaLuna - Waterduct_other.wav,TEXT/BIN,44669.4102,0.0,141.6,111.4,0.0,2.7604,1.6572,2.9695,0.0
2025-11-20 19:49:04,BigTroubles - Phantom_bass.wav,TEXT/BIN,25312.043,0.0,139.23,121.89,0.0,1.6132,0.9227,1.6808,0.0
2025-11-20 19:49:07,BigTroubles - Phantom_mixture.wav,TEXT/BIN,25312.043,0.0,138.56,123.62,0.0,2.0,1.4068,2.5144,0.0
2025-11-20 19:49:10,BigTroubles - Phantom_other.wav,TEXT/BIN,25312.043,0.0,139.56,117.52,0.0,1.3686,0.964,1.7016,0.0078
2025-11-20 19:49:13,BigTroubles - Phantom_vocals.wav,TEXT/BIN,25312.043,0.0,139.03,114.98,0.0,1.8288,0.9339,1.7073,0.0
2025-11-20 19:49:16,BigTroubles - Phantom_drums.wav,TEXT/BIN,25312.043,0.0,138.69,114.23,0.0,1.4624,0.93,1.6848,0.0
2025-11-20 19:49:18,Bill Chudziak - Children Of No-one_bass.wav,TEXT/BIN,39781.8672,0.0,141.41,111.73,0.0,1.779,2.2305,3.3977,38.7188
2025-11-20 19:49:23,Bill Chudziak - Children Of No-one_drums.wav,TEXT/BIN,39781.8672,0.0,142.26,115.71,0.0,1.9367,1.4426,2.6105,0.0
2025-11-20 19:49:26,Bill Chudziak - Children Of No-one_vocals.wav,TEXT/BIN,39781.8672,0.0,140.7,113.73,0.0,1.9315,1.4383,2.5969,38.7188
2025-11-20 19:49:30,Bill Chudziak - Children Of No-one_mixture.wav,TEXT/BIN,39781.8672,0.0,141.75,121.07,0.0,1.9135,1.5894,2.7381,0.0
2025-11-20 19:49:34,Bill Chudziak - Children Of No-one_other.wav,TEXT/BIN,39781.8672,0.0,140.85,116.03,0.0,2.6582,1.4416,2.9313,38.7188
2025-11-20 19:49:38,Black Bloc - If You Want Success_bass.wav,TEXT/BIN,68687.8867,0.0,144.77,115.32,0.0,3.3283,2.4729,4.7804,0.0
2025-11-20 19:49:45,Black Bloc - If You Want Success_drums.wav,TEXT/BIN,68687.8867,0.0,144.25,122.9,0.0,4.4929,3.1412,5.6633,0.0
2025-11-20 19:49:53,Black Bloc - If You Want Success_mixture.wav,TEXT/BIN,68687.8867,0.0,144.56,125.39,0.0,3.2136,2.6242,4.7225,0.0
2025-11-20 19:49:59,Black Bloc - If You Want Success_other.wav,TEXT/BIN,68687.8867,0.0,144.31,117.05,0.0,3.8576,2.5657,4.9069,0.0
2025-11-20 19:50:06,Black Bloc - If You Want Success_vocals.wav,TEXT/BIN,68687.8867,0.0,144.19,116.62,0.0,3.2972,3.9354,5.1426,0.0078
2025-11-20 19:50:14,Celestial Shore - Die For Us_bass.wav,TEXT/BIN,48005.9922,0.0,141.96,119.23,0.0,2.7463,1.8955,3.4247,8.0234
2025-11-20 19:50:19,Celestial Shore - Die For Us_mixture.wav,TEXT/BIN,48005.9922,0.0,141.86,125.35,0.0,2.4031,1.7101,3.1262,0.0
2025-11-20 19:50:24,Celestial Shore - Die For Us_drums.wav,TEXT/BIN,48005.9922,0.0,141.71,103.34,0.0,3.0649,1.9007,4.1112,46.75
2025-11-20 19:50:30,Celestial Shore - Die For Us_other.wav,TEXT/BIN,48005.9922,0.0,143.01,122.91,0.0,2.3872,1.7053,3.1445,0.0
2025-11-20 19:50:34,Chris Durban - Celebrate_bass.wav,TEXT/BIN,51987.3477,0.0,142.36,119.49,0.0,2.3505,2.4847,4.0819,50.6367
2025-11-20 19:50:39,Celestial Shore - Die For Us_vocals.wav,TEXT/BIN,48005.9922,0.0,142.45,120.96,0.0,2.2961,1.735,3.3197,0.0
2025-11-20 19:50:44,Chris Durban - Celebrate_mixture.wav,TEXT/BIN,51987.3477,0.0,142.31,123.83,0.0,2.6442,1.9878,3.6603,50.6367
2025-11-20 19:50:49,Chris Durban - Celebrate_drums.wav,TEXT/BIN,51987.3477,0.0,142.21,117.35,0.0,3.252,2.4132,4.4632,0.0
2025-11-20 19:50:55,Chris Durban - Celebrate_other.wav,TEXT/BIN,51987.3477,0.0,142.74,118.78,0.0,2.7171,1.9862,3.6411,50.6367
2025-11-20 19:51:00,Chris Durban - Celebrate_vocals.wav,TEXT/BIN,51987.3477,0.0,142.15,114.45,0.0,2.1841,2.2881,3.8185,0.0
2025-11-20 19:51:05,Clara Berry And Wooldog - Air Traffic_bass.wav,TEXT/BIN,29878.7695,0.0,140.06,114.01,0.0,1.8301,1.0716,2.2026,0.0
2025-11-20 19:51:08,Clara Berry And Wooldog - Air Traffic_other.wav,TEXT/BIN,29878.7695,0.0,140.17,112.05,0.0,1.5026,1.0555,1.9537,0.0
2025-11-20 19:51:11,Clara Berry And Wooldog - Air Traffic_mixture.wav,TEXT/BIN,29878.7695,0.0,139.51,117.69,0.0,1.9843,1.0893,1.9519,0.0078
2025-11-20 19:51:14,Clara Berry And Wooldog - Air Traffic_drums.wav,TEXT/BIN,29878.7695,0.0,139.85,110.16,0.0,1.4791,1.3415,2.1499,0.0
2025-11-20 19:51:17,Clara Berry And Wooldog - Stella_bass.wav,TEXT/BIN,33719.6562,0.0,139.89,117.3,0.0,2.3886,1.2248,2.5373,32.7969
2025-11-20 19:51:21,Clara Berry And Wooldog - Air Traffic_vocals.wav,TEXT/BIN,29878.7695,0.0,139.55,111.22,0.0,1.9635,1.0823,1.9567,0.0
2025-11-20 19:51:24,Clara Berry And Wooldog - Stella_drums.wav,TEXT/BIN,33719.6562,0.0,140.53,108.61,0.0,1.7508,1.1875,2.1781,32.7969
2025-11-20 19:51:28,Clara Berry And Wooldog - Stella_other.wav,TEXT/BIN,33719.6562,0.0,140.98,110.93,0.0,1.6465,1.9859,2.8455,0.0
2025-11-20 19:51:32,Clara Berry And Wooldog - Stella_mixture.wav,TEXT/BIN,33719.6562,0.0,140.86,120.51,0.0,1.8115,1.2703,2.2473,32.7969
2025-11-20 19:51:35,Clara Berry And Wooldog - Waltz For My Victims_drums.wav,TEXT/BIN,30220.6562,0.0,140.39,106.91,0.0,1.7748,1.0887,1.9933,0.0
2025-11-20 19:51:38,Clara Berry And Wooldog - Stella_vocals.wav,TEXT/BIN,33719.6562,0.0,140.48,113.63,0.0,2.0741,1.2526,2.3192,32.7969
2025-11-20 19:51:42,Clara Berry And Wooldog - Waltz For My Victims_bass.wav,TEXT/BIN,30220.6562,0.0,140.06,110.68,0.0,2.2243,1.6176,2.9601,0.0
2025-11-20 19:51:46,Clara Berry And Wooldog - Waltz For My Victims_other.wav,TEXT/BIN,30220.6562,0.0,140.44,118.61,0.0,1.8062,1.1432,2.0647,0.0
2025-11-20 19:51:49,Clara Berry And Wooldog - Waltz For My Victims_mixture.wav,TEXT/BIN,30220.6562,0.0,140.11,119.81,0.0,1.7523,1.1815,2.0856,0.0
2025-11-20 19:51:52,Cnoc An Tursa - Bannockburn_bass.wav,TEXT/BIN,50766.875,0.0,142.81,117.23,0.0,3.474,2.8855,4.6839,49.4453
2025-11-20 19:51:59,Clara Berry And Wooldog - Waltz For My Victims_vocals.wav,TEXT/BIN,30220.6562,0.0,140.22,110.92,0.0,1.3019,1.1515,2.0482,0.0
2025-11-20 19:52:02,Cnoc An Tursa - Bannockburn_drums.wav,TEXT/BIN,50766.875,0.0,142.05,121.8,0.0,2.8623,2.0813,3.7974,49.4453
2025-11-20 19:52:07,Cnoc An Tursa - Bannockburn_other.wav,TEXT/BIN,50766.875,0.0,142.93,121.15,0.0,4.4185,1.8374,4.0867,0.0
2025-11-20 19:52:14,Cnoc An Tursa - Bannockburn_mixture.wav,TEXT/BIN,50766.875,0.0,142.36,125.62,0.0,2.2332,2.0039,3.6788,49.4453
2025-11-20 19:52:19,Cnoc An Tursa - Bannockburn_vocals.wav,TEXT/BIN,50766.875,0.0,143.52,117.28,0.0,6.1594,3.1103,7.1823,0.0
2025-11-20 19:52:28,Creepoid - OldTree_bass.wav,TEXT/BIN,52060.043,0.0,142.31,118.1,0.0,2.796,2.1655,3.8523,50.707
2025-11-20 19:52:34,Creepoid - OldTree_drums.wav,TEXT/BIN,52060.043,0.0,142.64,113.67,0.0,2.9899,3.1535,4.6279,0.0
2025-11-20 19:52:40,Creepoid - OldTree_other.wav,TEXT/BIN,52060.043,0.0,142.53,113.44,0.0,3.1894,2.0162,3.6867,50.707
2025-11-20 19:52:46,Creepoid - OldTree_mixture.wav,TEXT/BIN,52060.043,0.0,142.75,122.68,0.0,2.3832,2.2695,3.8628,0.0
2025-11-20 19:52:51,Dark Ride - Burning Bridges_bass.wav,TEXT/BIN,40111.7852,0.0,141.18,119.61,0.0,2.6241,1.4751,2.873,39.0391
2025-11-20 19:52:55,Creepoid - OldTree_vocals.wav,TEXT/BIN,52060.043,0.0,142.11,117.49,0.0,3.2582,2.0652,3.8155,11.6602
2025-11-20 19:53:01,Dark Ride - Burning Bridges_drums.wav,TEXT/BIN,40111.7852,0.0,141.79,123.3,0.0,2.4827,2.2444,3.6262,0.0
2025-11-20 19:53:06,Dark Ride - Burning Bridges_mixture.wav,TEXT/BIN,40111.7852,0.0,141.97,126.47,0.0,2.0149,1.5525,2.7568,39.0391
2025-11-20 19:53:10,Dark Ride - Burning Bridges_other.wav,TEXT/BIN,40111.7852,0.0,141.5,116.69,0.0,2.2787,1.4564,2.6248,0.0
2025-11-20 19:53:14,Dreamers Of The Ghetto - Heavy Love_bass.wav,TEXT/BIN,50816.043,0.0,141.96,112.39,0.0,3.2561,2.4249,4.49,49.4922
2025-11-20 19:53:20,Dark Ride - Burning Bridges_vocals.wav,TEXT/BIN,40111.7852,0.0,141.34,117.02,0.0,2.0184,1.4629,2.6827,0.0
2025-11-20 19:53:24,Dreamers Of The Ghetto - Heavy Love_mixture.wav,TEXT/BIN,50816.043,0.0,142.7,123.22,0.0,2.6919,2.1269,3.8525,49.4922
2025-11-20 19:53:29,Dreamers Of The Ghetto - Heavy Love_drums.wav,TEXT/BIN,50816.043,0.0,142.59,115.94,0.0,3.0995,1.8789,3.8735,0.0
2025-11-20 19:53:35,Dreamers Of The Ghetto - Heavy Love_other.wav,TEXT/BIN,50816.043,0.0,142.37,119.0,0.0,2.9505,2.0994,3.7184,49.4922
2025-11-20 19:53:40,Dreamers Of The Ghetto - Heavy Love_vocals.wav,TEXT/BIN,50816.043,0.0,142.26,117.5,0.0,3.7597,2.132,4.436,0.0
2025-11-20 19:53:47,Drumtracks - Ghost Bitch_bass.wav,TEXT/BIN,61515.0195,0.0,143.09,117.88,0.0,3.4121,2.4317,4.5005,59.9414
2025-11-20 19:53:53,Drumtracks - Ghost Bitch_drums.wav,TEXT/BIN,61515.0195,0.0,142.94,114.02,0.0,4.0958,2.6529,5.2813,0.0
2025-11-20 19:54:00,Drumtracks - Ghost Bitch_mixture.wav,TEXT/BIN,61515.0195,0.0,143.36,123.82,0.0,2.8594,2.5247,4.4854,59.9414
2025-11-20 19:54:06,Drumtracks - Ghost Bitch_other.wav,TEXT/BIN,61515.0195,0.0,142.99,117.75,0.0,4.0912,10.0583,11.0536,0.0
2025-11-20 19:54:22,Drumtracks - Ghost Bitch_vocals.wav,TEXT/BIN,61515.0195,0.0,143.42,119.25,0.0,4.7289,2.9965,5.4381,59.9414
2025-11-20 19:54:30,Faces On Film - Waiting For Ga_bass.wav,TEXT/BIN,44381.2344,0.0,141.94,106.57,0.0,2.435,1.6249,3.0178,0.0
2025-11-20 19:54:34,Faces On Film - Waiting For Ga_drums.wav,TEXT/BIN,44381.2344,0.0,141.47,107.61,0.0,3.0328,2.0385,3.7514,43.207
2025-11-20 19:54:40,Faces On Film - Waiting For Ga_other.wav,TEXT/BIN,44381.2344,0.0,141.67,121.46,0.0,2.8859,1.7644,3.3739,0.0
2025-11-20 19:54:45,Faces On Film - Waiting For Ga_mixture.wav,TEXT/BIN,44381.2344,0.0,141.52,122.93,0.0,3.0773,1.8505,3.4315,43.207
2025-11-20 19:54:50,Faces On Film - Waiting For Ga_vocals.wav,TEXT/BIN,44381.2344,0.0,141.32,116.89,0.0,2.9698,2.3291,3.927,0.0
2025-11-20 19:54:56,Fergessen - Back From The Start_bass.wav,TEXT/BIN,29069.0977,0.0,140.16,112.67,0.0,1.613,1.0487,1.9237,0.0
2025-11-20 19:54:59,Fergessen - Back From The Start_mixture.wav,TEXT/BIN,29069.0977,0.0,140.57,120.82,0.0,1.6576,1.0709,2.0908,0.0
2025-11-20 19:55:02,Fergessen - Back From The Start_drums.wav,TEXT/BIN,29069.0977,0.0,139.58,116.21,0.0,1.5894,1.0652,1.9688,0.0
2025-11-20 19:55:05,Fergessen - Nos Palpitants_drums.wav,TEXT/BIN,34179.3867,0.0,140.38,109.22,0.0,2.6245,1.509,3.0767,33.2461
2025-11-20 19:55:09,Fergessen - Back From The Start_vocals.wav,TEXT/BIN,29069.0977,0.0,139.34,114.74,0.0,1.8065,1.0561,2.0001,0.0
2025-11-20 19:55:12,Fergessen - Back From The Start_other.wav,TEXT/BIN,29069.0977,0.0,139.78,108.49,0.0,1.8038,1.0571,1.9944,0.0
2025-11-20 19:55:15,Fergessen - Nos Palpitants_bass.wav,TEXT/BIN,34179.3867,0.0,140.19,104.98,0.0,1.6785,1.3294,2.3617,33.2461
2025-11-20 19:55:19,Fergessen - Nos Palpitants_vocals.wav,TEXT/BIN,34179.3867,0.0,140.23,115.97,0.0,2.3017,1.237,2.7708,0.0
2025-11-20 19:55:22,Fergessen - Nos Palpitants_other.wav,TEXT/BIN,34179.3867,0.0,140.28,112.29,0.0,1.9725,1.2891,2.4591,33.2461
2025-11-20 19:55:26,Fergessen - Nos Palpitants_mixture.wav,TEXT/BIN,34179.3867,0.0,140.38,118.45,0.0,1.5756,1.2745,2.2972,0.0
2025-11-20 19:55:29,Fergessen - The Wind_mixture.wav,TEXT/BIN,33075.043,0.0,140.24,121.84,0.0,1.8636,1.878,2.8806,32.168
2025-11-20 19:55:33,Fergessen - The Wind_drums.wav,TEXT/BIN,33075.043,0.0,140.56,114.63,0.0,2.0588,1.2153,2.3387,0.0
2025-11-20 19:55:37,Fergessen - The Wind_bass.wav,TEXT/BIN,33075.043,0.0,140.29,112.52,0.0,1.7696,1.1936,2.2281,32.168
2025-11-20 19:55:40,Fergessen - The Wind_other.wav,TEXT/BIN,33075.043,0.0,140.89,118.1,0.0,1.7281,1.185,2.2218,0.0
2025-11-20 19:55:43,Fergessen - The Wind_vocals.wav,TEXT/BIN,33075.043,0.0,140.04,116.97,0.0,2.9347,1.4903,3.0447,32.168
2025-11-20 19:55:48,Flags - 54_bass.wav,TEXT/BIN,54322.9297,0.0,143.05,113.76,0.0,3.1814,2.1454,4.0742,20.7422
2025-11-20 19:55:54,Flags - 54_drums.wav,TEXT/BIN,54322.9297,0.0,142.06,119.89,0.0,2.8542,3.0707,4.8149,0.0
2025-11-20 19:56:00,Flags - 54_other.wav,TEXT/BIN,54322.9297,0.0,142.82,110.1,0.0,2.7991,2.178,3.9453,52.918
2025-11-20 19:56:05,Flags - 54_mixture.wav,TEXT/BIN,54322.9297,0.0,142.25,121.73,0.0,2.8692,2.4945,4.2855,0.0
2025-11-20 19:56:11,Flags - 54_vocals.wav,TEXT/BIN,54322.9297,0.0,143.11,113.56,0.0,2.7363,2.123,4.1845,52.9258
2025-11-20 19:56:17,Giselle - Moss_bass.wav,TEXT/BIN,34778.4727,0.0,140.88,-inf,0.0,1.6568,1.2534,2.2761,0.0
2025-11-20 19:56:20,Giselle - Moss_mixture.wav,TEXT/BIN,34778.4727,0.0,140.31,120.33,0.0,2.0082,1.3963,2.4258,33.832
2025-11-20 19:56:24,Giselle - Moss_drums.wav,TEXT/BIN,34778.4727,0.0,140.26,112.72,0.0,2.2316,1.2728,2.8499,0.0
2025-11-20 19:56:27,Giselle - Moss_other.wav,TEXT/BIN,34778.4727,0.0,140.36,116.86,0.0,1.6374,1.2743,2.3121,33.832
2025-11-20 19:56:31,Giselle - Moss_vocals.wav,TEXT/BIN,34778.4727,0.0,140.67,116.53,0.0,1.771,1.2631,2.2938,0.0
2025-11-20 19:56:34,Grants - PunchDrunk_drums.wav,TEXT/BIN,35245.9141,0.0,139.82,113.55,0.0,1.6619,2.1169,3.0198,34.2891
2025-11-20 19:56:38,Grants - PunchDrunk_bass.wav,TEXT/BIN,35245.9141,0.0,140.72,117.78,0.0,2.5247,1.273,2.3507,0.0
2025-11-20 19:56:42,Grants - PunchDrunk_mixture.wav,TEXT/BIN,35245.9141,0.0,139.95,121.49,0.0,1.7576,1.3001,2.369,34.2891
2025-11-20 19:56:46,Grants - PunchDrunk_other.wav,TEXT/BIN,35245.9141,0.0,140.52,116.72,0.0,1.9399,1.3312,2.3534,0.0
2025-11-20 19:56:49,Grants - PunchDrunk_vocals.wav,TEXT/BIN,35245.9141,0.0,141.05,115.27,0.0,2.396,1.2913,2.896,34.2891
2025-11-20 19:56:53,Helado Negro - Mitad Del Mundo_bass.wav,TEXT/BIN,31326.6055,0.0,140.01,114.19,0.0,1.6449,1.1691,2.089,0.0
2025-11-20 19:56:56,Helado Negro - Mitad Del Mundo_mixture.wav,TEXT/BIN,31326.6055,0.0,140.43,121.17,0.0,1.6711,1.1164,2.0574,0.0
2025-11-20 19:56:59,Helado Negro - Mitad Del Mundo_other.wav,TEXT/BIN,31326.6055,0.0,140.9,108.99,0.0,1.5285,1.3612,2.301,0.0
2025-11-20 19:57:02,Helado Negro - Mitad Del Mundo_drums.wav,TEXT/BIN,31326.6055,0.0,140.27,109.6,0.0,2.2042,1.1317,2.4508,0.0
2025-11-20 19:57:06,Hezekiah Jones - Borrowed Heart_bass.wav,TEXT/BIN,41615.7031,0.0,141.55,112.53,0.0,2.2408,1.6194,2.9457,40.3984
2025-11-20 19:57:10,Helado Negro - Mitad Del Mundo_vocals.wav,TEXT/BIN,31326.6055,0.0,140.6,119.49,0.0,2.2683,1.13,2.0695,0.0
2025-11-20 19:57:14,Hezekiah Jones - Borrowed Heart_mixture.wav,TEXT/BIN,41615.7031,0.0,140.81,120.83,0.0,3.2337,1.6018,3.5332,40.5078
2025-11-20 19:57:19,Hezekiah Jones - Borrowed Heart_drums.wav,TEXT/BIN,41615.7031,0.0,141.83,114.01,0.0,2.0056,1.5622,2.8009,0.0
2025-11-20 19:57:23,Hezekiah Jones - Borrowed Heart_other.wav,TEXT/BIN,41615.7031,0.0,140.95,116.55,0.0,2.4832,1.6612,2.9385,40.5078
2025-11-20 19:57:27,Hezekiah Jones - Borrowed Heart_vocals.wav,TEXT/BIN,41615.7031,0.0,141.24,116.63,0.0,2.9384,1.5095,3.4223,0.0
2025-11-20 19:57:32,Hollow Ground - Left Blind_drums.wav,TEXT/BIN,27440.2656,0.0,139.58,118.21,0.0,1.3248,1.0234,1.855,0.0
2025-11-20 19:57:35,Hollow Ground - Left Blind_bass.wav,TEXT/BIN,27440.2656,0.0,139.85,118.73,0.0,1.5942,0.9874,1.8082,0.0
2025-11-20 19:57:38,Hollow Ground - Left Blind_vocals.wav,TEXT/BIN,27440.2656,0.0,139.85,112.98,0.0,1.4799,1.1402,1.9338,0.0
2025-11-20 19:57:41,Hollow Ground - Left Blind_other.wav,TEXT/BIN,27440.2656,0.0,139.74,117.85,0.0,2.3288,1.0304,2.279,0.0
2025-11-20 19:57:44,Hollow Ground - Left Blind_mixture.wav,TEXT/BIN,27440.2656,0.0,139.97,123.67,0.0,1.4259,1.0276,1.8866,0.0
2025-11-20 19:57:47,Hop Along - Sister Cities_bass.wav,TEXT/BIN,48823.8594,0.0,141.59,120.95,0.0,2.6529,1.9608,3.6243,47.5469
2025-11-20 19:57:52,Hop Along - Sister Cities_drums.wav,TEXT/BIN,48823.8594,0.0,142.64,115.04,0.0,3.4559,2.0405,4.2078,0.0
2025-11-20 19:57:58,Hop Along - Sister Cities_mixture.wav,TEXT/BIN,48823.8594,0.0,142.59,126.48,0.0,2.4025,1.9245,3.5427,47.5273
2025-11-20 19:58:02,Hop Along - Sister Cities_vocals.wav,TEXT/BIN,48823.8594,0.0,143.22,119.58,0.0,2.8746,2.5223,3.8943,0.0
2025-11-20 19:58:08,Hop Along - Sister Cities_other.wav,TEXT/BIN,48823.8594,0.0,142.19,122.08,0.0,2.7899,1.857,3.4541,47.5547
2025-11-20 19:58:13,Invisible Familiars - Disturbing Wildlife_bass.wav,TEXT/BIN,37673.5352,0.0,141.01,119.56,0.0,1.8135,1.3594,2.4912,0.0
2025-11-20 19:58:17,Invisible Familiars - Disturbing Wildlife_mixture.wav,TEXT/BIN,37673.5352,0.0,141.29,121.75,0.0,2.4109,2.1571,3.3193,36.6562
2025-11-20 19:58:22,Invisible Familiars - Disturbing Wildlife_drums.wav,TEXT/BIN,37673.5352,0.0,141.46,112.61,0.0,1.8564,1.375,2.5087,0.0
2025-11-20 19:58:25,Invisible Familiars - Disturbing Wildlife_other.wav,TEXT/BIN,37673.5352,0.0,141.18,112.52,0.0,2.1897,1.4073,2.4821,36.6562
2025-11-20 19:58:29,Invisible Familiars - Disturbing Wildlife_vocals.wav,TEXT/BIN,37673.5352,0.0,141.64,113.18,0.0,1.9839,1.802,2.9006,0.0
2025-11-20 19:58:33,James May - All Souls Moon_bass.wav,TEXT/BIN,38078.4375,0.0,141.11,108.59,0.0,2.1117,1.417,2.8691,37.0547
2025-11-20 19:58:37,James May - All Souls Moon_drums.wav,TEXT/BIN,38078.4375,0.0,141.75,110.3,0.0,2.1171,1.4125,2.5009,0.0
2025-11-20 19:58:41,James May - All Souls Moon_mixture.wav,TEXT/BIN,38078.4375,0.0,140.8,116.15,0.0,1.7,1.4331,2.5778,37.0547
2025-11-20 19:58:44,James May - All Souls Moon_other.wav,TEXT/BIN,38078.4375,0.0,141.11,110.79,0.0,2.8745,1.4865,3.1652,0.0
2025-11-20 19:58:49,James May - All Souls Moon_vocals.wav,TEXT/BIN,38078.4375,0.0,141.51,112.34,0.0,1.6755,1.3989,2.4993,37.0391
2025-11-20 19:58:52,James May - Dont Let Go_bass.wav,TEXT/BIN,41712.9336,0.0,141.25,117.97,0.0,2.1149,1.5604,2.8471,3.5391
2025-11-20 19:58:57,James May - Dont Let Go_drums.wav,TEXT/BIN,41712.9336,0.0,141.84,110.19,0.0,2.4768,2.095,3.6944,0.0
2025-11-20 19:59:01,James May - Dont Let Go_mixture.wav,TEXT/BIN,41712.9336,0.0,141.84,122.09,0.0,2.2093,1.5499,2.8508,40.6016
2025-11-20 19:59:06,James May - Dont Let Go_other.wav,TEXT/BIN,41712.9336,0.0,141.51,116.47,0.0,2.17,1.4964,2.7283,0.0
2025-11-20 19:59:10,James May - Dont Let Go_vocals.wav,TEXT/BIN,41712.9336,0.0,141.35,114.61,0.0,3.3138,1.8004,3.6724,40.6094
2025-11-20 19:59:15,James May - If You Say_bass.wav,TEXT/BIN,44530.707,0.0,142.01,110.69,0.0,4.0111,1.774,3.3258,2.7461
2025-11-20 19:59:21,James May - If You Say_drums.wav,TEXT/BIN,44530.707,0.0,142.07,109.13,0.0,2.1271,2.4572,3.7152,0.0
2025-11-20 19:59:26,James May - If You Say_mixture.wav,TEXT/BIN,44530.707,0.0,141.9,119.06,0.0,2.1751,1.7717,3.2861,43.3555
2025-11-20 19:59:30,James May - If You Say_other.wav,TEXT/BIN,44530.707,0.0,141.85,115.72,0.0,2.2512,1.6335,2.9707,0.0
2025-11-20 19:59:35,James May - If You Say_vocals.wav,TEXT/BIN,44530.707,0.0,142.01,113.77,0.0,2.8095,2.4779,4.1716,43.3555
2025-11-20 19:59:40,James May - On The Line_bass.wav,TEXT/BIN,44146.9531,0.0,142.15,117.11,0.0,1.8621,1.6559,2.9688,0.0
2025-11-20 19:59:44,James May - On The Line_drums.wav,TEXT/BIN,44146.9531,0.0,141.44,115.94,0.0,2.4886,1.8615,3.3702,42.9805
2025-11-20 19:59:49,James May - On The Line_mixture.wav,TEXT/BIN,44146.9531,0.0,141.3,121.91,0.0,2.8131,1.8328,3.766,0.0
2025-11-20 19:59:54,James May - On The Line_other.wav,TEXT/BIN,44146.9531,0.0,142.03,116.72,0.0,2.386,1.804,3.2829,42.9805
2025-11-20 19:59:58,James May - On The Line_vocals.wav,TEXT/BIN,44146.9531,0.0,142.33,116.58,0.0,2.8552,1.9828,3.249,0.0
2025-11-20 20:00:04,Jay Menon - Through My Eyes_drums.wav,TEXT/BIN,43644.7695,0.0,141.5,112.4,0.0,2.5108,1.8481,3.6635,42.4883
2025-11-20 20:00:08,Jay Menon - Through My Eyes_bass.wav,TEXT/BIN,43644.7695,0.0,142.1,112.83,0.0,1.9652,1.5968,2.8632,0.0
2025-11-20 20:00:12,Jay Menon - Through My Eyes_mixture.wav,TEXT/BIN,43644.7695,0.0,141.87,120.48,0.0,2.2525,2.3363,3.7757,42.4883
2025-11-20 20:00:17,Jay Menon - Through My Eyes_other.wav,TEXT/BIN,43644.7695,0.0,141.4,113.01,0.0,2.4372,1.6178,2.9091,0.0
2025-11-20 20:00:22,Jay Menon - Through My Eyes_vocals.wav,TEXT/BIN,43644.7695,0.0,141.76,117.0,0.0,2.7892,1.7684,3.2228,42.4883
2025-11-20 20:00:27,Johnny Lokke - Promises & Lies_drums.wav,TEXT/BIN,49268.0117,0.0,142.13,121.62,0.0,3.21,2.2867,4.3987,5.4844
2025-11-20 20:00:33,Johnny Lokke - Promises & Lies_bass.wav,TEXT/BIN,49268.0117,0.0,141.68,115.44,0.0,2.5839,1.7799,3.2363,0.0
2025-11-20 20:00:37,Johnny Lokke - Promises & Lies_other.wav,TEXT/BIN,49268.0117,0.0,141.54,120.98,0.0,2.8662,2.5707,4.064,47.9805
2025-11-20 20:00:43,Johnny Lokke - Promises & Lies_mixture.wav,TEXT/BIN,49268.0117,0.0,141.97,125.96,0.0,2.3786,1.765,3.2369,0.0
2025-11-20 20:00:48,Johnny Lokke - Whisper To A Scream_bass.wav,TEXT/BIN,44016.9883,0.0,141.96,118.58,0.0,2.168,1.7433,3.235,42.8516
2025-11-20 20:00:52,Johnny Lokke - Promises & Lies_vocals.wav,TEXT/BIN,49268.0117,0.0,141.87,118.92,0.0,3.0657,2.53,4.3515,5.1211
2025-11-20 20:00:58,Johnny Lokke - Whisper To A Scream_drums.wav,TEXT/BIN,44016.9883,0.0,141.24,120.43,0.0,2.4295,1.57,2.9078,0.0
2025-11-20 20:01:02,Johnny Lokke - Whisper To A Scream_other.wav,TEXT/BIN,44016.9883,0.0,141.43,119.35,0.0,2.7506,1.8241,3.2966,42.8516
2025-11-20 20:01:07,Johnny Lokke - Whisper To A Scream_mixture.wav,TEXT/BIN,44016.9883,0.0,142.38,125.99,0.0,2.6205,1.673,3.6325,0.0
2025-11-20 20:01:12,"Jokers, Jacks & Kings - Sea Of Leaves_bass.wav",TEXT/BIN,33015.0586,0.0,139.94,114.33,0.0,1.9297,1.1651,2.1157,32.1172
2025-11-20 20:01:15,Johnny Lokke - Whisper To A Scream_vocals.wav,TEXT/BIN,44016.9883,0.0,142.31,118.26,0.0,2.3421,1.8511,3.3696,10.7344
2025-11-20 20:01:20,"Jokers, Jacks & Kings - Sea Of Leaves_mixture.wav",TEXT/BIN,33015.0586,0.0,140.23,122.08,0.0,2.3598,1.2993,2.73,0.0
2025-11-20 20:01:24,"Jokers, Jacks & Kings - Sea Of Leaves_drums.wav",TEXT/BIN,33015.0586,0.0,139.71,116.23,0.0,1.8272,1.1675,2.1382,32.1094
2025-11-20 20:01:27,"Jokers, Jacks & Kings - Sea Of Leaves_other.wav",TEXT/BIN,33015.0586,0.0,140.13,116.32,0.0,2.3114,1.2143,2.1672,0.0
2025-11-20 20:01:31,"Jokers, Jacks & Kings - Sea Of Leaves_vocals.wav",TEXT/BIN,33015.0586,0.0,140.66,116.62,0.0,1.7915,1.9279,2.7653,32.1094
2025-11-20 20:01:35,Leaf - Come Around_bass.wav,TEXT/BIN,45578.1445,0.0,142.41,124.99,0.0,2.7122,1.8485,3.4383,12.2617
2025-11-20 20:01:40,Leaf - Come Around_mixture.wav,TEXT/BIN,45578.1445,0.0,141.68,125.8,0.0,2.2563,1.667,3.105,0.0
2025-11-20 20:01:44,Leaf - Come Around_drums.wav,TEXT/BIN,45578.1445,0.0,141.74,107.1,0.0,3.2823,2.2174,4.197,44.3789
2025-11-20 20:01:50,Leaf - Summerghost_bass.wav,TEXT/BIN,39965.668,0.0,141.38,117.36,0.0,2.2805,1.4376,2.6137,0.0
2025-11-20 20:01:54,Leaf - Come Around_vocals.wav,TEXT/BIN,45578.1445,0.0,141.84,118.17,0.0,2.6242,1.8508,3.4098,44.3789
2025-11-20 20:01:59,Leaf - Come Around_other.wav,TEXT/BIN,45578.1445,0.0,141.95,116.55,0.0,3.0833,1.6726,3.3414,0.0
2025-11-20 20:02:04,Leaf - Summerghost_mixture.wav,TEXT/BIN,39965.668,0.0,141.06,121.09,0.0,2.0108,1.4515,2.6838,38.8945
2025-11-20 20:02:08,Leaf - Summerghost_drums.wav,TEXT/BIN,39965.668,0.0,141.32,114.79,0.0,1.8699,1.5669,2.7247,0.0
2025-11-20 20:02:12,Leaf - Summerghost_other.wav,TEXT/BIN,39965.668,0.0,141.11,111.65,0.0,2.6294,1.4762,3.1175,38.9023
2025-11-20 20:02:16,Leaf - Wicked_bass.wav,TEXT/BIN,32872.0156,0.0,139.87,113.69,0.0,2.5734,1.1745,2.1375,0.0
2025-11-20 20:02:20,Leaf - Summerghost_vocals.wav,TEXT/BIN,39965.668,0.0,141.06,115.49,0.0,2.4352,1.5437,2.7934,38.8945
2025-11-20 20:02:24,Leaf - Wicked_drums.wav,TEXT/BIN,32872.0156,0.0,140.58,115.85,0.0,2.6346,1.2215,2.5399,0.0
2025-11-20 20:02:29,Leaf - Wicked_other.wav,TEXT/BIN,32872.0156,0.0,141.17,109.65,0.0,1.7565,1.1771,2.1576,31.9688
2025-11-20 20:02:32,Leaf - Wicked_mixture.wav,TEXT/BIN,32872.0156,0.0,140.99,119.69,0.0,1.6059,1.1623,2.1471,0.0
2025-11-20 20:02:35,Leaf - Wicked_vocals.wav,TEXT/BIN,32872.0156,0.0,140.81,110.56,0.0,1.5994,1.7725,2.6761,31.9688
2025-11-20 20:02:38,Lushlife - Toynbee Suite_bass.wav,TEXT/BIN,108278.9805,0.0,145.19,128.16,0.0,6.4541,4.1854,8.6519,0.9375
2025-11-20 20:02:50,Lushlife - Toynbee Suite_drums.wav,TEXT/BIN,108278.9805,0.0,145.76,115.7,0.0,5.6178,4.307,8.1574,0.0
2025-11-20 20:03:01,Lushlife - Toynbee Suite_mixture.wav,TEXT/BIN,108278.9805,0.0,145.82,129.48,0.0,6.6449,4.108,8.4453,0.0
2025-11-20 20:03:13,Lushlife - Toynbee Suite_other.wav,TEXT/BIN,108278.9805,0.0,145.39,117.86,0.0,7.2051,4.1192,8.5656,0.0
2025-11-20 20:03:25,Lushlife - Toynbee Suite_vocals.wav,TEXT/BIN,108278.9805,0.0,145.93,114.91,0.0,5.8854,5.1316,8.3944,0.0
2025-11-20 20:03:37,Matthew Entwistle - Dont You Ever_bass.wav,TEXT/BIN,19641.1758,0.0,137.55,55.25,0.0,1.2218,0.7287,1.3079,0.0
2025-11-20 20:03:39,Matthew Entwistle - Dont You Ever_vocals.wav,TEXT/BIN,19641.1758,0.0,136.95,109.14,0.0,1.4159,1.0909,1.6254,0.0
2025-11-20 20:03:41,Matthew Entwistle - Dont You Ever_mixture.wav,TEXT/BIN,19641.1758,0.0,138.69,114.14,0.0,1.1064,1.113,1.7205,0.0
2025-11-20 20:03:44,Matthew Entwistle - Dont You Ever_other.wav,TEXT/BIN,19641.1758,0.0,139.19,111.86,0.0,1.6245,0.7167,1.4677,0.0
2025-11-20 20:03:46,Matthew Entwistle - Dont You Ever_drums.wav,TEXT/BIN,19641.1758,0.0,138.69,56.38,0.0,1.163,0.6938,1.2787,0.0
2025-11-20 20:03:48,Meaxic - Take A Step_bass.wav,TEXT/BIN,48702.0,0.0,141.77,120.29,0.0,2.3895,1.7438,3.2076,0.0
2025-11-20 20:03:53,Meaxic - Take A Step_mixture.wav,TEXT/BIN,48702.0,0.0,142.08,125.01,0.0,2.8767,2.626,4.2608,47.4297
2025-11-20 20:03:59,Meaxic - Take A Step_drums.wav,TEXT/BIN,48702.0,0.0,141.97,120.09,0.0,2.5799,1.7353,3.1906,0.0
2025-11-20 20:04:04,Meaxic - Take A Step_other.wav,TEXT/BIN,48702.0,0.0,142.52,115.31,0.0,2.4343,2.0151,3.5597,47.4297
2025-11-20 20:04:09,Meaxic - Take A Step_vocals.wav,TEXT/BIN,48702.0,0.0,142.4,118.56,0.0,2.7367,1.7544,3.748,0.0
2025-11-20 20:04:14,Meaxic - You Listen_bass.wav,TEXT/BIN,71096.3945,0.0,143.62,115.97,0.0,3.5361,2.6418,4.8669,21.5664
2025-11-20 20:04:29,Meaxic - You Listen_drums.wav,TEXT/BIN,71096.3945,0.0,144.16,113.13,0.0,5.3258,2.6674,5.7274,0.0
2025-11-20 20:04:37,Meaxic - You Listen_mixture.wav,TEXT/BIN,71096.3945,0.0,143.88,123.61,0.0,3.8154,3.9,6.0233,0.0
2025-11-20 20:04:46,Meaxic - You Listen_other.wav,TEXT/BIN,71096.3945,0.0,143.77,120.37,0.0,4.0077,2.853,5.155,0.0
2025-11-20 20:04:54,Meaxic - You Listen_vocals.wav,TEXT/BIN,71096.3945,0.0,143.82,117.39,0.0,4.7608,2.595,5.8172,0.0
2025-11-20 20:05:01,Music Delta - 80s Rock_mixture.wav,TEXT/BIN,6360.043,0.0,133.73,117.79,0.0,0.7366,0.2522,0.4716,27.9453
2025-11-20 20:05:03,Music Delta - 80s Rock_bass.wav,TEXT/BIN,6360.043,0.0001,132.79,110.01,0.0,1.0513,0.258,0.4828,0.0
2025-11-20 20:05:04,Music Delta - 80s Rock_other.wav,TEXT/BIN,6360.043,0.0001,133.13,109.06,0.0,0.8018,0.2472,0.4745,0.0
2025-11-20 20:05:05,Music Delta - 80s Rock_drums.wav,TEXT/BIN,6360.043,0.0001,133.23,112.1,0.0,0.7254,0.2664,0.5095,0.0
2025-11-20 20:05:06,Music Delta - 80s Rock_vocals.wav,TEXT/BIN,6360.043,0.0001,132.88,112.24,0.0,0.7463,0.2609,0.4898,0.0
2025-11-20 20:05:07,Music Delta - Beatles_mixture.wav,TEXT/BIN,6265.9492,0.0001,132.97,117.54,0.0,0.6988,0.4028,0.6194,0.0
2025-11-20 20:05:08,Music Delta - Beatles_bass.wav,TEXT/BIN,6265.9492,0.0001,132.72,110.6,0.0,0.7452,0.3804,0.7104,0.0
2025-11-20 20:05:09,Music Delta - Beatles_other.wav,TEXT/BIN,6265.9492,0.0001,132.97,110.24,0.0,0.9198,0.3059,0.6362,0.0
2025-11-20 20:05:11,Music Delta - Beatles_drums.wav,TEXT/BIN,6265.9492,0.0001,133.07,114.17,0.0,0.8578,0.2934,0.531,0.0
2025-11-20 20:05:12,Music Delta - Beatles_vocals.wav,TEXT/BIN,6265.9492,0.0,133.38,109.81,0.0,0.7592,0.2642,0.4745,0.0078
2025-11-20 20:05:13,Music Delta - Country1_drums.wav,TEXT/BIN,5985.043,0.0,134.24,110.35,0.0,0.6157,0.2391,0.4487,0.0
2025-11-20 20:05:14,Music Delta - Country1_bass.wav,TEXT/BIN,5985.043,0.0001,132.52,109.51,0.0,0.7473,0.2391,0.4385,0.0
2025-11-20 20:05:15,Music Delta - Britpop_vocals.wav,TEXT/BIN,6337.5,0.0001,132.59,112.27,0.0,0.8086,0.2737,0.4856,0.0
2025-11-20 20:05:16,Music Delta - Britpop_bass.wav,TEXT/BIN,6337.5,0.0001,133.17,111.42,0.0,0.8623,0.2661,0.4939,0.0
2025-11-20 20:05:17,Music Delta - Britpop_other.wav,TEXT/BIN,6337.5,0.0,133.6,113.37,0.0,0.9832,0.2522,0.482,0.0
2025-11-20 20:05:19,Music Delta - Britpop_mixture.wav,TEXT/BIN,6337.5,0.0001,132.97,117.9,0.0,1.1295,0.259,0.4873,0.0
2025-11-20 20:05:20,Music Delta - Britpop_drums.wav,TEXT/BIN,6337.5,0.0001,132.87,110.49,0.0,0.5682,0.3875,0.6226,0.0
2025-11-20 20:05:21,Music Delta - Country2_vocals.wav,TEXT/BIN,3006.918,0.0001,130.09,108.97,0.0,0.4924,0.2942,0.4238,0.0
2025-11-20 20:05:22,Music Delta - Disco_bass.wav,TEXT/BIN,21495.3398,0.0,139.02,113.64,0.0,1.9413,0.7736,1.6803,0.0
2025-11-20 20:05:25,Music Delta - Country1_other.wav,TEXT/BIN,5985.043,0.0001,132.62,106.23,0.0,0.3722,0.2393,0.4406,0.0
2025-11-20 20:05:25,Music Delta - Country1_mixture.wav,TEXT/BIN,5985.043,0.0001,133.3,115.72,0.0,0.7292,0.2349,0.4342,0.0
2025-11-20 20:05:26,Music Delta - Country2_drums.wav,TEXT/BIN,3006.918,0.0001,129.83,109.56,0.0,0.3455,0.1583,0.2909,0.0
2025-11-20 20:05:27,Music Delta - Country2_bass.wav,TEXT/BIN,3006.918,0.0001,129.63,105.65,0.0,0.3083,0.1949,0.3139,0.0
2025-11-20 20:05:28,Music Delta - Country2_other.wav,TEXT/BIN,3006.918,0.0001,130.54,103.1,0.0,0.8324,0.1641,0.2887,0.0
2025-11-20 20:05:29,Music Delta - Country2_mixture.wav,TEXT/BIN,3006.918,0.0001,130.14,113.76,0.0,0.5082,0.1578,0.2865,0.0
2025-11-20 20:05:29,Music Delta - Country1_vocals.wav,TEXT/BIN,5985.043,0.0001,132.48,110.43,0.0,0.504,0.2369,0.4437,0.0
2025-11-20 20:05:30,Music Delta - Disco_other.wav,TEXT/BIN,21495.3398,0.0,138.58,108.99,0.0,1.3557,0.7732,1.3981,0.0
2025-11-20 20:05:32,Music Delta - Disco_drums.wav,TEXT/BIN,21495.3398,0.0,138.32,116.18,0.0,1.4845,1.186,1.9682,0.0
2025-11-20 20:05:35,Music Delta - Disco_mixture.wav,TEXT/BIN,21495.3398,0.0,139.52,121.02,0.0,1.3729,0.7852,1.5513,0.0
2025-11-20 20:05:38,Music Delta - Gospel_vocals.wav,TEXT/BIN,13046.9766,0.0,137.42,119.25,0.0,0.9532,0.4896,0.8834,0.0
2025-11-20 20:05:39,Music Delta - Disco_vocals.wav,TEXT/BIN,21495.3398,0.0,138.47,114.63,0.0,1.5246,0.7876,1.4543,0.0
2025-11-20 20:05:42,Music Delta - Gospel_drums.wav,TEXT/BIN,13046.9766,0.0,136.36,114.08,0.0,0.9958,0.4933,0.8889,0.0
2025-11-20 20:05:43,Music Delta - Gospel_mixture.wav,TEXT/BIN,13046.9766,0.0,136.41,120.57,0.0,1.3717,0.4713,0.9121,12.7422
2025-11-20 20:05:45,Music Delta - Grunge_bass.wav,TEXT/BIN,7210.0742,0.0,133.94,104.75,0.0,0.8316,0.3791,0.6343,56.1562
2025-11-20 20:05:47,Music Delta - Gospel_other.wav,TEXT/BIN,13046.9766,0.0,136.52,107.5,0.0,1.476,0.7137,1.2813,0.0
2025-11-20 20:05:49,Music Delta - Grunge_mixture.wav,TEXT/BIN,7210.0742,0.0,133.89,116.28,0.0,0.5173,0.2671,0.5262,56.1562
2025-11-20 20:05:50,Music Delta - Grunge_drums.wav,TEXT/BIN,7210.0742,0.0,133.94,113.8,0.0,1.205,0.2606,0.4882,0.0
2025-11-20 20:05:51,Music Delta - Gospel_bass.wav,TEXT/BIN,13046.9766,0.0,136.74,112.42,0.0,1.158,0.4962,0.9009,0.0
2025-11-20 20:05:53,Music Delta - Hendrix_mixture.wav,TEXT/BIN,3418.4727,0.0001,130.28,115.75,0.0,0.3419,0.1723,0.3285,26.5352
2025-11-20 20:05:54,Music Delta - Hendrix_other.wav,TEXT/BIN,3418.4727,0.0001,130.04,104.83,0.0,0.6015,0.1691,0.3023,0.0
2025-11-20 20:05:55,Music Delta - Grunge_other.wav,TEXT/BIN,7210.0742,0.0,134.05,108.48,0.0,0.7094,0.2725,0.5116,26.2344
2025-11-20 20:05:56,Music Delta - Hendrix_vocals.wav,TEXT/BIN,3418.4727,0.0001,130.7,110.64,0.0,0.3802,0.1675,0.3123,0.0
2025-11-20 20:05:56,Music Delta - Punk_drums.wav,TEXT/BIN,4954.8398,0.0001,131.85,112.85,0.0,0.7544,0.207,0.3843,0.0
2025-11-20 20:05:57,Music Delta - Hendrix_bass.wav,TEXT/BIN,3418.4727,0.0001,130.49,110.06,0.0,0.5585,0.1649,0.3187,0.0
2025-11-20 20:05:58,Music Delta - Grunge_vocals.wav,TEXT/BIN,7210.0742,0.0,133.38,109.13,0.0,0.8392,0.4349,0.6701,0.0
2025-11-20 20:05:59,Music Delta - Punk_bass.wav,TEXT/BIN,4954.8398,0.0001,132.05,111.34,0.0,0.588,0.3879,0.5777,0.0
2025-11-20 20:06:00,Music Delta - Hendrix_drums.wav,TEXT/BIN,3418.4727,0.0001,130.19,111.48,0.0,0.7263,0.2468,0.443,0.0
2025-11-20 20:06:01,Music Delta - Rock_bass.wav,TEXT/BIN,2255.1992,0.0001,128.73,107.16,0.0,0.3596,0.1375,0.2704,0.0
2025-11-20 20:06:02,Music Delta - Rockabilly_vocals.wav,TEXT/BIN,4470.1914,0.0001,131.5,110.44,0.0,0.7237,0.1988,0.3688,0.0
2025-11-20 20:06:03,Music Delta - Rock_drums.wav,TEXT/BIN,2255.1992,0.0002,128.33,106.13,0.0,0.5268,0.1433,0.2674,0.0
2025-11-20 20:06:04,Music Delta - Rockabilly_other.wav,TEXT/BIN,4470.1914,0.0001,131.3,108.0,0.0,0.5893,0.2003,0.3885,0.0
2025-11-20 20:06:04,Music Delta - Punk_mixture.wav,TEXT/BIN,4954.8398,0.0001,132.15,117.37,0.0,1.0284,0.2181,0.397,0.0
2025-11-20 20:06:06,Music Delta - Punk_other.wav,TEXT/BIN,4954.8398,0.0001,131.7,107.7,0.0,0.4519,0.211,0.4058,0.0
2025-11-20 20:06:06,Music Delta - Rockabilly_bass.wav,TEXT/BIN,4470.1914,0.0001,131.5,105.44,0.0,0.5103,0.2175,0.3855,0.0
2025-11-20 20:06:07,Music Delta - Rock_vocals.wav,TEXT/BIN,2255.1992,0.0001,129.17,109.88,0.0,0.4045,0.1608,0.2581,0.0
2025-11-20 20:06:08,Music Delta - Reggae_bass.wav,TEXT/BIN,3008.2617,0.0001,130.37,107.88,0.0,0.4521,0.1589,0.2961,0.0
2025-11-20 20:06:08,Music Delta - Reggae_drums.wav,TEXT/BIN,3008.2617,0.0001,129.54,111.53,0.0,0.4247,0.1621,0.2929,0.0
2025-11-20 20:06:09,Music Delta - Rock_mixture.wav,TEXT/BIN,2255.1992,0.0002,128.43,113.11,0.0,0.544,0.1369,0.2494,0.0
2025-11-20 20:06:10,Music Delta - Reggae_mixture.wav,TEXT/BIN,3008.2617,0.0001,129.4,114.03,0.0,0.3961,0.171,0.299,0.0
2025-11-20 20:06:10,Music Delta - Punk_vocals.wav,TEXT/BIN,4954.8398,0.0001,132.42,111.51,0.0,0.8338,0.226,0.4696,0.0
2025-11-20 20:06:12,Music Delta - Reggae_other.wav,TEXT/BIN,3008.2617,0.0001,130.79,95.48,0.0,0.5815,0.2183,0.3984,0.0078
2025-11-20 20:06:12,Music Delta - Reggae_vocals.wav,TEXT/BIN,3008.2617,0.0001,129.98,108.67,0.0,0.3858,0.2327,0.4137,0.0
2025-11-20 20:06:13,Music Delta - Rockabilly_drums.wav,TEXT/BIN,4470.1914,0.0001,131.16,110.85,0.0,0.5023,0.2921,0.5369,0.0
2025-11-20 20:06:14,Music Delta - Rockabilly_mixture.wav,TEXT/BIN,4470.1914,0.0001,131.65,115.5,0.0,0.7482,0.2031,0.4307,0.0
2025-11-20 20:06:15,Music Delta - Rock_other.wav,TEXT/BIN,2255.1992,0.0001,128.84,105.54,0.0,0.3019,0.1416,0.2568,0.0
2025-11-20 20:06:15,Night Panther - Fire_bass.wav,TEXT/BIN,36691.9492,0.0,141.29,111.55,0.0,2.0267,1.3396,2.6831,0.0
2025-11-20 20:06:19,Night Panther - Fire_mixture.wav,TEXT/BIN,36691.9492,0.0,140.74,122.11,0.0,1.9643,1.3689,2.517,35.6992
2025-11-20 20:06:23,Night Panther - Fire_drums.wav,TEXT/BIN,36691.9492,0.0,140.95,114.73,0.0,2.3375,2.0461,3.2003,0.0
2025-11-20 20:06:28,Night Panther - Fire_other.wav,TEXT/BIN,36691.9492,0.0,140.08,114.46,0.0,2.0492,1.3377,2.5303,35.6992
2025-11-20 20:06:31,North To Alaska - All The Same_bass.wav,TEXT/BIN,42746.5273,0.0,141.84,111.16,0.0,2.9479,3.1448,5.1543,5.9062
2025-11-20 20:06:38,Night Panther - Fire_vocals.wav,TEXT/BIN,36691.9492,0.0,140.21,119.0,0.0,3.482,1.4663,3.5157,0.0
2025-11-20 20:06:43,North To Alaska - All The Same_drums.wav,TEXT/BIN,42746.5273,0.0,141.26,113.27,0.0,2.6326,1.7951,3.4251,41.6133
2025-11-20 20:06:48,North To Alaska - All The Same_mixture.wav,TEXT/BIN,42746.5273,0.0,141.72,120.51,0.0,1.872,1.6661,2.9186,0.0
2025-11-20 20:06:52,North To Alaska - All The Same_vocals.wav,TEXT/BIN,42746.5273,0.0,141.02,114.26,0.0,3.0659,1.7162,3.7488,41.6133
2025-11-20 20:06:57,North To Alaska - All The Same_other.wav,TEXT/BIN,42746.5273,0.0,140.92,115.71,0.0,2.8188,1.5802,2.8313,0.0
2025-11-20 20:07:02,Patrick Talbot - A Reason To Leave_bass.wav,TEXT/BIN,44745.2695,0.0,141.76,113.55,0.0,2.3398,2.5246,4.0296,43.5586
2025-11-20 20:07:07,Patrick Talbot - A Reason To Leave_drums.wav,TEXT/BIN,44745.2695,0.0,141.55,113.13,0.0,2.3054,1.6737,3.0186,0.0
2025-11-20 20:07:12,Patrick Talbot - A Reason To Leave_mixture.wav,TEXT/BIN,44745.2695,0.0,142.39,120.58,0.0,2.2572,1.9166,3.4343,43.5703
2025-11-20 20:07:16,Patrick Talbot - A Reason To Leave_other.wav,TEXT/BIN,44745.2695,0.0,141.92,112.56,0.0,2.9407,2.215,3.9327,0.0
2025-11-20 20:07:22,Patrick Talbot - A Reason To Leave_vocals.wav,TEXT/BIN,44745.2695,0.0,142.64,116.64,0.0,2.3308,1.878,3.4023,43.5547
2025-11-20 20:07:26,Patrick Talbot - Set Me Free_bass.wav,TEXT/BIN,49953.9961,0.0,141.88,112.69,0.0,3.0135,2.2795,3.9949,5.0742
2025-11-20 20:07:32,Patrick Talbot - Set Me Free_drums.wav,TEXT/BIN,49953.9961,0.0,142.29,114.53,0.0,2.5609,1.862,3.5867,0.0
2025-11-20 20:07:37,Patrick Talbot - Set Me Free_mixture.wav,TEXT/BIN,49953.9961,0.0,142.35,119.81,0.0,2.5193,2.0469,3.6679,48.6523
2025-11-20 20:07:42,Patrick Talbot - Set Me Free_vocals.wav,TEXT/BIN,49953.9961,0.0,142.74,113.61,0.0,2.6657,2.5706,4.2919,0.0
2025-11-20 20:07:48,Patrick Talbot - Set Me Free_other.wav,TEXT/BIN,49953.9961,0.0,142.19,113.91,0.0,2.8794,1.9707,3.6074,48.6523
2025-11-20 20:07:53,Phre The Eon - Everybody's Falling Apart_drums.wav,TEXT/BIN,38659.832,0.0,140.26,119.49,0.0,2.3234,1.473,2.5799,0.0
2025-11-20 20:07:57,Phre The Eon - Everybody's Falling Apart_bass.wav,TEXT/BIN,38659.832,0.0,140.4,113.23,0.0,2.7168,1.4731,3.1329,37.6211
2025-11-20 20:08:02,Phre The Eon - Everybody's Falling Apart_other.wav,TEXT/BIN,38659.832,0.0,140.67,114.03,0.0,2.254,1.4166,2.5659,0.0
2025-11-20 20:08:06,Phre The Eon - Everybody's Falling Apart_vocals.wav,TEXT/BIN,38659.832,0.0,140.31,113.86,0.0,2.0722,1.3948,2.525,37.6211
2025-11-20 20:08:09,Phre The Eon - Everybody's Falling Apart_mixture.wav,TEXT/BIN,38659.832,0.0,140.44,122.1,0.0,2.2575,1.7061,3.3622,0.0
2025-11-20 20:08:14,Port St Willow - Stay Even_drums.wav,TEXT/BIN,54610.793,0.0,143.07,116.22,0.0,2.9706,2.1319,3.9309,53.1992
2025-11-20 20:08:19,Port St Willow - Stay Even_bass.wav,TEXT/BIN,54610.793,0.0,142.68,107.15,0.0,2.9724,3.153,4.9436,0.0
2025-11-20 20:08:26,Port St Willow - Stay Even_other.wav,TEXT/BIN,54610.793,0.0,143.01,120.44,0.0,2.8819,2.0768,3.7847,53.1992
2025-11-20 20:08:31,Port St Willow - Stay Even_mixture.wav,TEXT/BIN,54610.793,0.0,142.22,122.33,0.0,3.9518,3.2474,4.9966,0.0
2025-11-20 20:08:39,Port St Willow - Stay Even_vocals.wav,TEXT/BIN,54610.793,0.0,143.38,117.24,0.0,3.0071,2.1292,3.889,53.1992
2025-11-20 20:08:44,Remember December - C U Next Time_bass.wav,TEXT/BIN,41811.2305,0.0,141.97,119.03,0.0,2.1931,1.8816,2.8058,0.0
2025-11-20 20:08:49,Remember December - C U Next Time_mixture.wav,TEXT/BIN,41811.2305,0.0,142.22,125.51,0.0,2.7925,1.5796,3.3119,40.6992
2025-11-20 20:08:54,Remember December - C U Next Time_drums.wav,TEXT/BIN,41811.2305,0.0,141.41,119.11,0.0,2.3001,1.5017,2.734,0.0
2025-11-20 20:08:58,Remember December - C U Next Time_vocals.wav,TEXT/BIN,41811.2305,0.0,141.47,118.56,0.0,1.9824,1.7698,3.1138,40.6992
2025-11-20 20:09:02,Remember December - C U Next Time_other.wav,TEXT/BIN,41811.2305,0.0,142.34,119.84,0.0,2.6138,1.504,3.1034,0.0
2025-11-20 20:09:06,Secret Mountains - High Horse_bass.wav,TEXT/BIN,61240.543,0.0,142.67,117.4,0.0,3.3847,2.4086,4.431,59.6719
2025-11-20 20:09:13,Secret Mountains - High Horse_drums.wav,TEXT/BIN,61240.543,0.0,143.94,113.33,0.0,4.426,2.3542,5.1132,0.0
2025-11-20 20:09:20,Secret Mountains - High Horse_mixture.wav,TEXT/BIN,61240.543,0.0,143.29,123.92,0.0,4.0267,2.3692,4.3032,59.6719
2025-11-20 20:09:27,Secret Mountains - High Horse_other.wav,TEXT/BIN,61240.543,0.0,143.69,121.27,0.0,3.7414,2.3236,4.7572,0.0
2025-11-20 20:09:33,Skelpolu - Human Mistakes_bass.wav,TEXT/BIN,55932.2305,0.0,142.73,124.74,0.0,3.2677,2.1112,3.8758,54.4883
2025-11-20 20:09:39,Secret Mountains - High Horse_vocals.wav,TEXT/BIN,61240.543,0.0,143.12,116.15,0.0,4.2285,2.3435,4.8471,5.1758
2025-11-20 20:09:46,Skelpolu - Human Mistakes_drums.wav,TEXT/BIN,55932.2305,0.0,142.89,120.4,0.0,2.5043,2.1371,3.9676,0.0
2025-11-20 20:09:51,Skelpolu - Human Mistakes_other.wav,TEXT/BIN,55932.2305,0.0,143.61,119.91,0.0,3.1905,2.3673,4.7467,54.4883
2025-11-20 20:09:57,Skelpolu - Human Mistakes_mixture.wav,TEXT/BIN,55932.2305,0.0,142.68,127.02,0.0,2.9704,2.2252,4.0951,0.0
2025-11-20 20:10:03,Skelpolu - Human Mistakes_vocals.wav,TEXT/BIN,55932.2305,0.0,143.12,113.9,0.0,2.9181,2.884,4.722,54.4883
2025-11-20 20:10:09,Skelpolu - Together Alone_bass.wav,TEXT/BIN,56158.6406,0.0,142.69,116.85,0.0,3.1966,2.1417,3.9338,0.2227
2025-11-20 20:10:15,Skelpolu - Together Alone_mixture.wav,TEXT/BIN,56158.6406,0.0,142.85,124.35,0.0,3.0873,3.2053,4.9506,0.0
2025-11-20 20:10:22,Skelpolu - Together Alone_drums.wav,TEXT/BIN,56158.6406,0.0,142.06,120.27,0.0,4.0819,2.1579,3.9053,54.7109
2025-11-20 20:10:28,Skelpolu - Together Alone_vocals.wav,TEXT/BIN,56158.6406,0.0,143.43,116.55,0.0,3.5782,2.9065,4.8543,0.0
2025-11-20 20:10:35,Skelpolu - Together Alone_other.wav,TEXT/BIN,56158.6406,0.0,143.02,117.23,0.0,3.715,2.1568,3.9448,54.7109
2025-11-20 20:10:41,Snowmine - Curfews_bass.wav,TEXT/BIN,47406.6367,0.0,141.8,121.97,0.0,2.6278,2.7007,4.0779,0.0
2025-11-20 20:10:47,Snowmine - Curfews_drums.wav,TEXT/BIN,47406.6367,0.0,141.7,109.37,0.0,3.1428,1.8576,3.4255,46.1641
2025-11-20 20:10:53,Snowmine - Curfews_mixture.wav,TEXT/BIN,47406.6367,0.0,142.06,124.69,0.0,2.4727,1.7635,3.1529,0.0
2025-11-20 20:10:57,Snowmine - Curfews_other.wav,TEXT/BIN,47406.6367,0.0,142.12,119.29,0.0,3.2003,1.8886,3.7838,46.1641
2025-11-20 20:11:03,Snowmine - Curfews_vocals.wav,TEXT/BIN,47406.6367,0.0,141.51,114.66,0.0,2.4341,1.7206,3.0822,0.0
2025-11-20 20:11:07,Spike Mullings - Mike's Sulking_drums.wav,TEXT/BIN,44250.7734,0.0,141.71,118.12,0.0,2.7628,2.61,4.1137,43.0898
2025-11-20 20:11:13,Spike Mullings - Mike's Sulking_bass.wav,TEXT/BIN,44250.7734,0.0,141.36,117.61,0.0,2.0218,1.6,2.9133,0.0
2025-11-20 20:11:17,Spike Mullings - Mike's Sulking_mixture.wav,TEXT/BIN,44250.7734,0.0,141.66,124.63,0.0,2.8753,1.7918,3.2865,43.082
2025-11-20 20:11:22,St Vitus - Word Gets Around_bass.wav,TEXT/BIN,42585.7969,0.0,142.17,115.37,0.0,2.9614,1.6977,3.5665,0.0
2025-11-20 20:11:27,Spike Mullings - Mike's Sulking_other.wav,TEXT/BIN,44250.7734,0.0,141.82,120.56,0.0,2.6624,1.8178,3.337,43.082
2025-11-20 20:11:32,Spike Mullings - Mike's Sulking_vocals.wav,TEXT/BIN,44250.7734,0.0,142.04,118.12,0.0,2.1505,1.7879,3.0715,0.0
2025-11-20 20:11:36,St Vitus - Word Gets Around_mixture.wav,TEXT/BIN,42585.7969,0.0,140.91,120.81,0.0,2.718,1.6713,3.4743,41.457
2025-11-20 20:11:41,St Vitus - Word Gets Around_drums.wav,TEXT/BIN,42585.7969,0.0,140.86,116.08,0.0,2.2789,1.5889,2.9121,0.0
2025-11-20 20:11:45,St Vitus - Word Gets Around_other.wav,TEXT/BIN,42585.7969,0.0,141.24,106.81,0.0,2.4342,2.2492,3.5454,41.457
2025-11-20 20:11:50,St Vitus - Word Gets Around_vocals.wav,TEXT/BIN,42585.7969,0.0,142.11,118.13,0.0,2.5072,1.5949,2.8354,0.0
2025-11-20 20:11:55,Steven Clark - Bounty_bass.wav,TEXT/BIN,49864.3047,0.0,142.23,118.62,0.0,2.8532,1.9388,3.5924,48.5625
2025-11-20 20:12:00,Steven Clark - Bounty_drums.wav,TEXT/BIN,49864.3047,0.0,142.5,114.62,0.0,3.3073,2.3592,4.2958,0.0
2025-11-20 20:12:06,Steven Clark - Bounty_mixture.wav,TEXT/BIN,49864.3047,0.0,142.8,124.65,0.0,3.8491,1.9925,3.6535,48.5625
2025-11-20 20:12:12,Steven Clark - Bounty_other.wav,TEXT/BIN,49864.3047,0.0,142.13,119.58,0.0,3.6635,2.1861,4.2424,0.0
2025-11-20 20:12:18,Strand Of Oaks - Spacestation_bass.wav,TEXT/BIN,42009.043,0.0,140.99,104.17,0.0,2.292,1.5746,2.9355,40.8906
2025-11-20 20:12:23,Steven Clark - Bounty_vocals.wav,TEXT/BIN,49864.3047,0.0,142.45,118.22,0.0,2.5988,2.1812,3.8627,7.6641
2025-11-20 20:12:28,Strand Of Oaks - Spacestation_drums.wav,TEXT/BIN,42009.043,0.0,141.08,116.9,0.0,2.576,1.7293,3.0728,0.0
2025-11-20 20:12:32,Strand Of Oaks - Spacestation_mixture.wav,TEXT/BIN,42009.043,0.0,141.7,122.18,0.0,2.1644,1.6261,2.9249,40.8906
2025-11-20 20:12:37,Strand Of Oaks - Spacestation_other.wav,TEXT/BIN,42009.043,0.0,140.99,117.08,0.0,2.0977,1.918,3.1384,0.0
2025-11-20 20:12:41,Strand Of Oaks - Spacestation_vocals.wav,TEXT/BIN,42009.043,0.0,141.65,116.53,0.0,2.5499,1.5743,3.0673,40.8906
2025-11-20 20:12:45,Sweet Lights - You Let Me Down_bass.wav,TEXT/BIN,67525.043,0.0,143.14,110.0,0.0,3.7225,2.4832,4.7248,0.0
2025-11-20 20:12:52,Sweet Lights - You Let Me Down_drums.wav,TEXT/BIN,67525.043,0.0,144.05,115.64,0.0,4.0628,2.5627,5.4044,0.0
2025-11-20 20:12:59,Sweet Lights - You Let Me Down_mixture.wav,TEXT/BIN,67525.043,0.0,142.95,122.67,0.0,3.2314,2.5595,4.6532,0.0
2025-11-20 20:13:06,Sweet Lights - You Let Me Down_other.wav,TEXT/BIN,67525.043,0.0,145.05,121.25,0.0,4.259,2.5953,4.7997,0.0078
2025-11-20 20:13:13,Sweet Lights - You Let Me Down_vocals.wav,TEXT/BIN,67525.043,0.0,143.29,118.41,0.0,3.5671,3.1674,5.2236,0.0
2025-11-20 20:13:21,Swinging Steaks - Lost My Way_bass.wav,TEXT/BIN,53427.7695,0.0,142.48,120.4,0.0,3.2996,1.9872,3.6617,11.1445
2025-11-20 20:13:26,Swinging Steaks - Lost My Way_drums.wav,TEXT/BIN,53427.7695,0.0,142.58,112.85,0.0,2.822,2.2231,3.9647,0.0
2025-11-20 20:13:32,Swinging Steaks - Lost My Way_other.wav,TEXT/BIN,53427.7695,0.0,142.86,120.65,0.0,3.0555,2.0806,4.1921,52.043
2025-11-20 20:13:37,Swinging Steaks - Lost My Way_mixture.wav,TEXT/BIN,53427.7695,0.0,142.22,124.49,0.0,2.7934,2.1023,3.8604,0.0
2025-11-20 20:13:43,Swinging Steaks - Lost My Way_vocals.wav,TEXT/BIN,53427.7695,0.0,142.86,118.46,0.0,3.805,2.225,4.6847,52.043
2025-11-20 20:13:49,The Districts - Vermont_bass.wav,TEXT/BIN,39302.9609,0.0,140.51,86.27,0.0,1.9869,1.4081,2.5739,0.0
2025-11-20 20:13:53,The Districts - Vermont_drums.wav,TEXT/BIN,39302.9609,0.0,141.09,101.88,0.0,1.948,1.4243,2.5865,38.25
2025-11-20 20:13:57,The Districts - Vermont_mixture.wav,TEXT/BIN,39302.9609,0.0,141.41,122.79,0.0,3.1787,1.4186,3.2003,0.0
2025-11-20 20:14:02,The Districts - Vermont_other.wav,TEXT/BIN,39302.9609,0.0,140.94,120.33,0.0,1.8213,1.4517,2.6685,38.25
2025-11-20 20:14:05,The Long Wait - Back Home To Blue_bass.wav,TEXT/BIN,44900.7344,0.0,141.37,120.25,0.0,2.2442,1.8692,3.4352,5.457
2025-11-20 20:14:10,The Districts - Vermont_vocals.wav,TEXT/BIN,39302.9609,0.0,141.58,118.49,0.0,2.5481,1.6068,3.3255,0.0
2025-11-20 20:14:14,The Long Wait - Back Home To Blue_mixture.wav,TEXT/BIN,44900.7344,0.0,141.99,123.83,0.0,2.3597,1.7787,3.3142,43.7148
2025-11-20 20:14:19,The Long Wait - Back Home To Blue_drums.wav,TEXT/BIN,44900.7344,0.0,142.16,114.61,0.0,2.0026,1.6879,2.9995,0.0
2025-11-20 20:14:23,The Long Wait - Back Home To Blue_other.wav,TEXT/BIN,44900.7344,0.0,141.52,116.65,0.0,2.9228,1.8017,3.9664,43.7148
2025-11-20 20:14:28,The Long Wait - Back Home To Blue_vocals.wav,TEXT/BIN,44900.7344,0.0,141.72,115.88,0.0,2.9372,11.4049,10.3182,0.0
2025-11-20 20:14:43,The Scarlet Brand - Les Fleurs Du Mal_bass.wav,TEXT/BIN,52306.3203,0.0,142.55,117.09,0.0,2.9424,1.9851,3.7512,50.9492
2025-11-20 20:14:48,The Scarlet Brand - Les Fleurs Du Mal_drums.wav,TEXT/BIN,52306.3203,0.0,142.13,117.78,0.0,2.9689,1.9971,3.6956,0.0
2025-11-20 20:14:54,The Scarlet Brand - Les Fleurs Du Mal_mixture.wav,TEXT/BIN,52306.3203,0.0,142.23,122.51,0.0,3.5271,1.9749,4.1074,50.9492
2025-11-20 20:15:00,The Scarlet Brand - Les Fleurs Du Mal_other.wav,TEXT/BIN,52306.3203,0.0,142.03,113.82,0.0,2.8029,1.9859,3.7854,0.0
2025-11-20 20:15:05,The Scarlet Brand - Les Fleurs Du Mal_vocals.wav,TEXT/BIN,52306.3203,0.0,142.49,116.65,0.0,3.5283,2.2786,4.582,50.9492
2025-11-20 20:15:11,The So So Glos - Emergency_drums.wav,TEXT/BIN,28768.4023,0.0,139.95,117.54,0.0,1.5335,1.1576,2.0071,0.0
2025-11-20 20:15:14,The So So Glos - Emergency_bass.wav,TEXT/BIN,28768.4023,0.0,139.74,115.45,0.0,1.4865,1.0672,1.9308,0.0
2025-11-20 20:15:17,The So So Glos - Emergency_mixture.wav,TEXT/BIN,28768.4023,0.0,139.79,122.48,0.0,1.7534,1.303,2.1727,0.0
2025-11-20 20:15:20,The So So Glos - Emergency_vocals.wav,TEXT/BIN,28768.4023,0.0,139.59,115.45,0.0,2.084,1.0253,2.1007,0.0
2025-11-20 20:15:24,The So So Glos - Emergency_other.wav,TEXT/BIN,28768.4023,0.0,140.59,117.84,0.0,1.4103,1.0965,1.9502,0.0
2025-11-20 20:15:27,The Wrong'Uns - Rothko_bass.wav,TEXT/BIN,34856.1445,0.0,140.95,113.92,0.0,1.949,1.2225,2.2491,33.9062
2025-11-20 20:15:30,The Wrong'Uns - Rothko_mixture.wav,TEXT/BIN,34856.1445,0.0,140.37,121.67,0.0,1.7283,1.7886,2.8018,0.0
2025-11-20 20:15:34,The Wrong'Uns - Rothko_drums.wav,TEXT/BIN,34856.1445,0.0,141.24,116.96,0.0,1.966,1.2912,2.3527,33.9062
2025-11-20 20:15:37,The Wrong'Uns - Rothko_vocals.wav,TEXT/BIN,34856.1445,0.0,140.78,116.93,0.0,1.7967,1.2867,2.3131,0.0
2025-11-20 20:15:41,The Wrong'Uns - Rothko_other.wav,TEXT/BIN,34856.1445,0.0,140.52,116.17,0.0,1.9341,1.3065,2.394,33.9062
2025-11-20 20:15:44,Tim Taler - Stalker_bass.wav,TEXT/BIN,40967.9414,0.0,140.93,113.11,0.0,2.9603,1.7568,3.7742,5.9609
2025-11-20 20:15:49,Tim Taler - Stalker_drums.wav,TEXT/BIN,40967.9414,0.0,141.54,112.37,0.0,2.0444,1.5673,2.8288,0.0
2025-11-20 20:15:53,Tim Taler - Stalker_other.wav,TEXT/BIN,40967.9414,0.0,140.78,114.2,0.0,2.3091,1.4592,2.7592,39.875
2025-11-20 20:15:57,Tim Taler - Stalker_mixture.wav,TEXT/BIN,40967.9414,0.0,141.12,119.94,0.0,2.9519,1.736,3.6178,0.0
2025-11-20 20:16:02,Titanium - Haunted Age_bass.wav,TEXT/BIN,42771.668,0.0,142.99,117.15,0.0,2.7862,1.7775,3.2792,41.6367
2025-11-20 20:16:07,Tim Taler - Stalker_vocals.wav,TEXT/BIN,40967.9414,0.0,141.02,115.25,0.0,2.7929,1.8834,3.1103,0.0
2025-11-20 20:16:12,Titanium - Haunted Age_drums.wav,TEXT/BIN,42771.668,0.0,142.13,116.11,0.0,2.6752,1.7948,3.3564,41.6367
2025-11-20 20:16:17,Titanium - Haunted Age_other.wav,TEXT/BIN,42771.668,0.0,142.13,120.11,0.0,2.0177,1.5762,2.838,0.0
2025-11-20 20:16:21,Titanium - Haunted Age_mixture.wav,TEXT/BIN,42771.668,0.0,141.73,122.75,0.0,2.0831,2.2957,3.6162,41.6367
2025-11-20 20:16:26,Titanium - Haunted Age_vocals.wav,TEXT/BIN,42771.668,0.0,141.84,113.11,0.0,2.1911,1.5533,2.8227,0.0
2025-11-20 20:16:30,Traffic Experiment - Once More (With Feeling)_bass.wav,TEXT/BIN,74980.8242,0.0,143.75,121.43,0.0,4.3822,3.2596,5.6892,22.7539
2025-11-20 20:16:38,Traffic Experiment - Once More (With Feeling)_drums.wav,TEXT/BIN,74980.8242,0.0,144.16,117.46,0.0,4.3496,2.995,5.3877,0.0
2025-11-20 20:16:46,Traffic Experiment - Once More (With Feeling)_mixture.wav,TEXT/BIN,74980.8242,0.0,144.39,126.37,0.0,3.3601,3.7605,5.9375,0.0
2025-11-20 20:16:54,Traffic Experiment - Once More (With Feeling)_other.wav,TEXT/BIN,74980.8242,0.0,144.11,121.65,0.0,4.0963,3.0723,5.5136,0.0
2025-11-20 20:17:02,Traffic Experiment - Once More (With Feeling)_vocals.wav,TEXT/BIN,74980.8242,0.0,144.06,117.29,0.0,4.3631,2.8694,5.7829,0.0
2025-11-20 20:17:10,Traffic Experiment - Sirens_drums.wav,TEXT/BIN,72603.0156,0.0,144.08,117.19,0.0,4.0258,3.4376,5.5625,0.0078
2025-11-20 20:17:18,Traffic Experiment - Sirens_bass.wav,TEXT/BIN,72603.0156,0.0,144.81,115.91,0.0,3.6999,2.7237,4.9068,0.0
2025-11-20 20:17:25,Traffic Experiment - Sirens_mixture.wav,TEXT/BIN,72603.0156,0.0,143.51,125.65,0.0,4.4135,3.4094,5.8727,0.0
2025-11-20 20:17:33,Traffic Experiment - Sirens_other.wav,TEXT/BIN,72603.0156,0.0,143.46,122.98,0.0,3.5267,2.7304,4.9269,0.0
2025-11-20 20:17:40,Traffic Experiment - Sirens_vocals.wav,TEXT/BIN,72603.0156,0.0,143.71,119.74,0.0,4.8998,2.7457,5.6878,0.0
2025-11-20 20:17:48,Triviul - Angelsaint_bass.wav,TEXT/BIN,40809.6367,0.0,140.91,118.05,0.0,2.3349,1.4376,2.6351,16.9648
2025-11-20 20:17:52,Triviul - Angelsaint_drums.wav,TEXT/BIN,40809.6367,0.0,141.05,114.96,0.0,2.4074,2.2667,3.5793,0.0
2025-11-20 20:17:57,Triviul - Angelsaint_mixture.wav,TEXT/BIN,40809.6367,0.0,140.68,122.56,0.0,1.9999,1.4856,2.7179,39.7188
2025-11-20 20:18:01,Triviul - Angelsaint_other.wav,TEXT/BIN,40809.6367,0.0,140.81,114.63,0.0,2.0391,1.4808,2.6945,0.0
2025-11-20 20:18:05,Triviul - Angelsaint_vocals.wav,TEXT/BIN,40809.6367,0.0,141.0,118.36,0.0,2.3132,2.2873,3.4866,39.7188
2025-11-20 20:18:10,Triviul - Dorothy_bass.wav,TEXT/BIN,32309.8164,0.0,140.14,111.72,0.0,1.9608,1.1458,2.0958,0.0
2025-11-20 20:18:13,Triviul - Dorothy_mixture.wav,TEXT/BIN,32309.8164,0.0,140.79,120.19,0.0,1.5041,1.1784,2.1361,0.0
2025-11-20 20:18:16,Triviul - Dorothy_drums.wav,TEXT/BIN,32309.8164,0.0,140.19,115.85,0.0,1.8581,1.1658,2.1249,0.0
2025-11-20 20:18:20,Voelund - Comfort Lives In Belief_bass.wav,TEXT/BIN,36192.2305,0.0,141.06,114.38,0.0,2.6876,1.5609,3.0509,35.2109
2025-11-20 20:18:24,Triviul - Dorothy_vocals.wav,TEXT/BIN,32309.8164,0.0,141.36,116.45,0.0,1.9244,1.1397,2.0831,0.0
2025-11-20 20:18:27,Triviul - Dorothy_other.wav,TEXT/BIN,32309.8164,0.0,141.29,108.6,0.0,1.7909,1.1414,2.1042,0.0
2025-11-20 20:18:31,Voelund - Comfort Lives In Belief_mixture.wav,TEXT/BIN,36192.2305,0.0,140.48,122.28,0.0,1.5383,1.6209,2.6701,35.2109
2025-11-20 20:18:34,Voelund - Comfort Lives In Belief_other.wav,TEXT/BIN,36192.2305,0.0,140.58,118.3,0.0,2.2667,1.2833,2.6354,0.0
2025-11-20 20:18:38,Voelund - Comfort Lives In Belief_drums.wav,TEXT/BIN,36192.2305,0.0,140.68,113.75,0.0,2.0043,1.3533,2.4296,35.2109
2025-11-20 20:18:42,Voelund - Comfort Lives In Belief_vocals.wav,TEXT/BIN,36192.2305,0.0,140.95,117.86,0.0,1.6592,1.3607,2.4138,0.0
2025-11-20 20:18:45,Wall Of Death - Femme_bass.wav,TEXT/BIN,41191.5234,0.0,141.62,116.29,0.0,3.044,1.9631,3.6116,40.0938
2025-11-20 20:18:50,Wall Of Death - Femme_drums.wav,TEXT/BIN,41191.5234,0.0,141.0,119.84,0.0,3.9933,2.9971,5.7248,0.0
2025-11-20 20:18:58,Wall Of Death - Femme_other.wav,TEXT/BIN,41191.5234,0.0,141.73,122.52,0.0,3.1048,1.7982,3.6157,40.082
2025-11-20 20:19:03,Wall Of Death - Femme_mixture.wav,TEXT/BIN,41191.5234,0.0,141.14,125.07,0.0,1.6824,1.5234,2.7769,0.0
2025-11-20 20:19:07,Young Griffo - Blood To Bone_bass.wav,TEXT/BIN,43856.0703,0.0,141.84,120.78,0.0,2.3181,1.7831,3.2306,42.6953
2025-11-20 20:19:11,Wall Of Death - Femme_vocals.wav,TEXT/BIN,41191.5234,0.0,142.55,115.97,0.0,2.561,1.9064,3.6726,0.0
2025-11-20 20:19:16,Young Griffo - Blood To Bone_drums.wav,TEXT/BIN,43856.0703,0.0,141.95,117.48,0.0,2.3232,1.7664,3.2539,42.6953
2025-11-20 20:19:20,Young Griffo - Blood To Bone_mixture.wav,TEXT/BIN,43856.0703,0.0,141.52,123.2,0.0,2.0086,1.5758,2.8871,0.0
2025-11-20 20:19:24,Young Griffo - Blood To Bone_other.wav,TEXT/BIN,43856.0703,0.0,141.67,113.14,0.0,3.0492,1.8948,3.9799,42.6953
2025-11-20 20:19:30,Young Griffo - Facade_bass.wav,TEXT/BIN,28949.8945,0.0,139.82,114.45,0.0,2.0555,1.0715,1.9418,0.0
2025-11-20 20:19:33,Young Griffo - Blood To Bone_vocals.wav,TEXT/BIN,43856.0703,0.0,142.42,115.23,0.0,1.9969,1.8369,3.3195,42.6953
2025-11-20 20:19:37,Young Griffo - Facade_drums.wav,TEXT/BIN,28949.8945,0.0,141.01,115.22,0.0,1.7688,1.6696,2.8314,0.0
2025-11-20 20:19:41,Young Griffo - Facade_vocals.wav,TEXT/BIN,28949.8945,0.0,139.28,113.72,0.0,1.6412,1.0408,1.8912,0.0
2025-11-20 20:19:44,Young Griffo - Facade_mixture.wav,TEXT/BIN,28949.8945,0.0,139.76,120.73,0.0,1.7511,1.034,1.8914,0.0
2025-11-20 20:19:47,Young Griffo - Facade_other.wav,TEXT/BIN,28949.8945,0.0,140.26,116.44,0.0,2.0822,1.0489,1.9054,0.0
2025-11-20 20:19:50,Young Griffo - Pennies_bass.wav,TEXT/BIN,47888.9336,0.0,141.65,121.08,0.0,3.5713,1.912,4.265,46.6328
2025-11-20 20:19:56,Young Griffo - Pennies_drums.wav,TEXT/BIN,47888.9336,0.0,142.8,119.86,0.0,2.3761,1.7867,3.2035,0.0
2025-11-20 20:20:01,Young Griffo - Pennies_mixture.wav,TEXT/BIN,47888.9336,0.0,143.06,126.35,0.0,2.4206,2.5303,4.0558,46.6328
2025-11-20 20:20:06,Young Griffo - Pennies_other.wav,TEXT/BIN,47888.9336,0.0,142.11,116.88,0.0,2.4597,1.7708,3.222,0.0
2025-11-20 20:20:11,Young Griffo - Pennies_vocals.wav,TEXT/BIN,47888.9336,0.0,142.11,118.66,0.0,2.9116,1.9248,3.4705,46.6523
2025-11-20 20:20:16,AM Contra - Heart Peripheral_bass.wav,TEXT/BIN,36194.043,0.0,140.95,112.52,0.0,2.6759,1.6879,3.2845,0.0
2025-11-20 20:20:20,AM Contra - Heart Peripheral_drums.wav,TEXT/BIN,36194.043,0.0,141.46,119.6,0.0,1.7099,1.2942,2.34,35.2148
2025-11-20 20:20:24,AM Contra - Heart Peripheral_mixture.wav,TEXT/BIN,36194.043,0.0,140.39,121.63,0.0,1.9215,1.3226,2.3813,0.0
2025-11-20 20:20:27,AM Contra - Heart Peripheral_other.wav,TEXT/BIN,36194.043,0.0,141.46,115.67,0.0,1.8836,1.9466,2.9742,35.2148
2025-11-20 20:20:31,Al James - Schoolboy Facination_drums.wav,TEXT/BIN,34543.9141,0.0,139.91,112.86,0.0,2.3726,1.3848,2.2721,0.0
2025-11-20 20:20:35,AM Contra - Heart Peripheral_vocals.wav,TEXT/BIN,36194.043,0.0,140.07,114.61,0.0,1.9609,1.3262,2.3784,35.2148
2025-11-20 20:20:39,Al James - Schoolboy Facination_bass.wav,TEXT/BIN,34543.9141,0.0,140.38,114.05,0.0,1.974,1.2423,2.2773,0.0
2025-11-20 20:20:43,Al James - Schoolboy Facination_mixture.wav,TEXT/BIN,34543.9141,0.0,140.28,120.45,0.0,2.3051,1.3456,2.8904,33.6016
2025-11-20 20:20:46,Al James - Schoolboy Facination_vocals.wav,TEXT/BIN,34543.9141,0.0,141.02,117.27,0.0,1.9325,1.2809,2.2888,0.0
2025-11-20 20:20:50,Al James - Schoolboy Facination_other.wav,TEXT/BIN,34543.9141,0.0,140.18,112.81,0.0,1.893,1.2297,2.2597,33.6016
2025-11-20 20:20:53,Angels In Amplifiers - I'm Alright_mixture.wav,TEXT/BIN,30937.8711,0.0,140.05,121.13,0.0,1.6175,1.6942,2.5623,0.0
2025-11-20 20:20:57,Angels In Amplifiers - I'm Alright_bass.wav,TEXT/BIN,30937.8711,0.0,141.59,114.87,0.0,1.9574,1.1399,2.0681,0.0
2025-11-20 20:21:00,Angels In Amplifiers - I'm Alright_drums.wav,TEXT/BIN,30937.8711,0.0,140.21,114.03,0.0,2.0828,1.1167,2.037,0.0
2025-11-20 20:21:04,Angels In Amplifiers - I'm Alright_vocals.wav,TEXT/BIN,30937.8711,0.0,140.16,115.82,0.0,1.53,1.1653,2.0806,0.0
2025-11-20 20:21:07,Arise - Run Run Run_bass.wav,TEXT/BIN,37793.8906,0.0,140.87,120.27,0.0,2.9438,1.7345,3.4343,36.7773
2025-11-20 20:21:12,Angels In Amplifiers - I'm Alright_other.wav,TEXT/BIN,30937.8711,0.0,140.16,116.82,0.0,1.4881,1.1117,2.0037,0.0
2025-11-20 20:21:15,Arise - Run Run Run_drums.wav,TEXT/BIN,37793.8906,0.0,141.84,116.5,0.0,2.3008,1.387,2.5551,36.7773
2025-11-20 20:21:19,Arise - Run Run Run_mixture.wav,TEXT/BIN,37793.8906,0.0,141.08,125.07,0.0,1.8222,2.1289,3.1477,0.0
2025-11-20 20:21:23,Arise - Run Run Run_other.wav,TEXT/BIN,37793.8906,0.0,141.19,121.16,0.0,2.1167,1.3489,2.4742,36.7773
2025-11-20 20:21:27,Arise - Run Run Run_vocals.wav,TEXT/BIN,37793.8906,0.0,141.97,117.83,0.0,2.7175,1.3828,2.514,0.0
2025-11-20 20:21:31,BKS - Bulldozer_bass.wav,TEXT/BIN,58060.4805,0.0,143.0,117.9,0.0,4.5584,2.3881,4.8945,56.5664
2025-11-20 20:21:39,BKS - Bulldozer_drums.wav,TEXT/BIN,58060.4805,0.0,143.22,120.65,0.0,3.5202,2.2604,4.1654,0.0
2025-11-20 20:21:45,BKS - Bulldozer_other.wav,TEXT/BIN,58060.4805,0.0,142.74,116.21,0.0,3.1549,2.6378,4.8911,56.5664
2025-11-20 20:21:51,BKS - Bulldozer_mixture.wav,TEXT/BIN,58060.4805,0.0,142.84,124.01,0.0,2.7703,2.2733,4.1608,0.0
2025-11-20 20:21:57,BKS - Bulldozer_vocals.wav,TEXT/BIN,58060.4805,0.0,143.11,116.69,0.0,3.3418,3.0619,4.925,56.5664
2025-11-20 20:22:03,BKS - Too Much_bass.wav,TEXT/BIN,37920.0117,0.0,141.73,117.92,0.0,2.4969,1.3554,2.4712,0.0
2025-11-20 20:22:08,BKS - Too Much_drums.wav,TEXT/BIN,37920.0117,0.0,141.31,115.87,0.0,2.1147,1.3943,2.5196,36.8984
2025-11-20 20:22:11,BKS - Too Much_other.wav,TEXT/BIN,37920.0117,0.0,141.55,113.03,0.0,2.2593,1.9427,3.4519,0.0
2025-11-20 20:22:16,BKS - Too Much_mixture.wav,TEXT/BIN,37920.0117,0.0,141.31,122.11,0.0,2.0633,1.4142,2.5325,36.8984
2025-11-20 20:22:20,BKS - Too Much_vocals.wav,TEXT/BIN,37920.0117,0.0,140.64,116.15,0.0,2.0497,1.368,2.4774,0.0
2025-11-20 20:22:23,Ben Carrigan - We'll Talk About It All Tonight_bass.wav,TEXT/BIN,43912.3945,0.0,141.95,115.79,0.0,2.6636,2.6988,4.122,42.75
2025-11-20 20:22:29,Ben Carrigan - We'll Talk About It All Tonight_drums.wav,TEXT/BIN,43912.3945,0.0,141.63,114.95,0.0,2.1632,1.5939,2.9114,0.0
2025-11-20 20:22:33,Ben Carrigan - We'll Talk About It All Tonight_mixture.wav,TEXT/BIN,43912.3945,0.0,141.32,120.21,0.0,2.4853,1.8227,3.3283,42.75
2025-11-20 20:22:38,Ben Carrigan - We'll Talk About It All Tonight_other.wav,TEXT/BIN,43912.3945,0.0,141.42,114.44,0.0,2.9149,1.6276,3.6372,0.0
2025-11-20 20:22:43,Ben Carrigan - We'll Talk About It All Tonight_vocals.wav,TEXT/BIN,43912.3945,0.0,142.49,113.15,0.0,2.4749,1.7693,3.2974,42.75
2025-11-20 20:22:48,Bobby Nobody - Stitch Up_bass.wav,TEXT/BIN,38113.8125,0.0,140.33,113.8,0.0,2.2787,1.532,2.6543,0.0
2025-11-20 20:22:52,Bobby Nobody - Stitch Up_drums.wav,TEXT/BIN,38113.8125,0.0,141.39,112.95,0.0,2.6427,1.4486,2.769,37.0898
2025-11-20 20:22:56,Bobby Nobody - Stitch Up_mixture.wav,TEXT/BIN,38113.8125,0.0,140.91,120.16,0.0,2.3826,1.4589,2.5639,0.0
2025-11-20 20:23:00,Bobby Nobody - Stitch Up_other.wav,TEXT/BIN,38113.8125,0.0,141.06,115.91,0.0,2.7354,1.8586,2.9809,37.0898
2025-11-20 20:23:05,Buitraker - Revo X_bass.wav,TEXT/BIN,47515.3633,0.0,142.47,117.8,0.0,2.7189,1.8771,3.5998,9.1719
2025-11-20 20:23:10,Bobby Nobody - Stitch Up_vocals.wav,TEXT/BIN,38113.8125,0.0,141.01,113.48,0.0,2.2123,1.3901,2.4737,0.0
2025-11-20 20:23:14,Buitraker - Revo X_mixture.wav,TEXT/BIN,47515.3633,0.0,141.81,123.7,0.0,2.675,2.8131,4.3245,46.2695
2025-11-20 20:23:20,Buitraker - Revo X_drums.wav,TEXT/BIN,47515.3633,0.0,141.76,120.55,0.0,2.6457,1.7269,3.1305,0.0
2025-11-20 20:23:25,Buitraker - Revo X_other.wav,TEXT/BIN,47515.3633,0.0,141.92,116.97,0.0,2.5131,1.8625,3.4224,46.2695
2025-11-20 20:23:30,Carlos Gonzalez - A Place For Us_bass.wav,TEXT/BIN,43104.1328,0.0,141.65,110.52,0.0,2.9594,1.5828,3.4894,0.0
2025-11-20 20:23:34,Buitraker - Revo X_vocals.wav,TEXT/BIN,47515.3633,0.0,142.24,113.43,0.0,2.4435,1.904,3.4943,46.2695
2025-11-20 20:23:39,Carlos Gonzalez - A Place For Us_mixture.wav,TEXT/BIN,43104.1328,0.0,141.34,121.82,0.0,2.1131,1.8902,3.1749,0.0
2025-11-20 20:23:44,Carlos Gonzalez - A Place For Us_drums.wav,TEXT/BIN,43104.1328,0.0,141.39,115.25,0.0,2.8047,1.8055,3.4288,41.9609
2025-11-20 20:23:49,Carlos Gonzalez - A Place For Us_other.wav,TEXT/BIN,43104.1328,0.0,141.05,116.13,0.0,2.4134,1.5819,2.8878,0.0
2025-11-20 20:23:53,Carlos Gonzalez - A Place For Us_vocals.wav,TEXT/BIN,43104.1328,0.0,141.29,118.03,0.0,3.062,2.4252,4.0029,41.9609
2025-11-20 20:23:59,Cristina Vane - So Easy_drums.wav,TEXT/BIN,43778.582,0.0,141.94,119.43,0.0,2.6412,1.7748,3.3246,0.6523
2025-11-20 20:24:03,Cristina Vane - So Easy_bass.wav,TEXT/BIN,43778.582,0.0,141.67,113.87,0.0,2.5811,1.6048,2.8981,0.0
2025-11-20 20:24:08,Cristina Vane - So Easy_mixture.wav,TEXT/BIN,43778.582,0.0,141.36,122.2,0.0,2.8537,1.827,3.9381,42.6289
2025-11-20 20:24:13,Cristina Vane - So Easy_vocals.wav,TEXT/BIN,43778.582,0.0,142.29,116.45,0.0,1.8923,1.6419,2.9439,0.0
2025-11-20 20:24:17,Cristina Vane - So Easy_other.wav,TEXT/BIN,43778.582,0.0,141.26,114.91,0.0,2.3303,2.0589,3.5453,42.6211
2025-11-20 20:24:22,Detsky Sad - Walkie Talkie_bass.wav,TEXT/BIN,32813.5664,0.0,140.58,110.08,0.0,2.3231,1.166,2.4889,0.0
2025-11-20 20:24:25,Detsky Sad - Walkie Talkie_mixture.wav,TEXT/BIN,32813.5664,0.0,140.52,121.87,0.0,1.9845,1.3931,2.1534,31.9102
2025-11-20 20:24:29,Detsky Sad - Walkie Talkie_drums.wav,TEXT/BIN,32813.5664,0.0,140.98,120.32,0.0,1.9737,1.1987,2.1388,0.0
2025-11-20 20:24:32,Detsky Sad - Walkie Talkie_vocals.wav,TEXT/BIN,32813.5664,0.0,140.98,115.13,0.0,1.8009,1.8498,2.9199,31.9102
2025-11-20 20:24:36,Detsky Sad - Walkie Talkie_other.wav,TEXT/BIN,32813.5664,0.0,140.92,113.0,0.0,1.923,1.173,2.1689,0.0
2025-11-20 20:24:40,Enda Reilly - Cur An Long Ag Seol_bass.wav,TEXT/BIN,32212.9453,0.0,140.18,115.71,0.0,9.6599,2.1196,9.0254,0.0
2025-11-20 20:24:52,Enda Reilly - Cur An Long Ag Seol_drums.wav,TEXT/BIN,32212.9453,0.0,140.61,115.84,0.0,1.8771,1.2567,2.2664,0.0
2025-11-20 20:24:56,Enda Reilly - Cur An Long Ag Seol_other.wav,TEXT/BIN,32212.9453,0.0,140.66,115.29,0.0,1.9982,1.1682,2.1579,0.0
2025-11-20 20:24:59,Enda Reilly - Cur An Long Ag Seol_mixture.wav,TEXT/BIN,32212.9453,0.0,140.03,121.41,0.0,2.1248,1.1651,2.2072,0.0
2025-11-20 20:25:03,Enda Reilly - Cur An Long Ag Seol_vocals.wav,TEXT/BIN,32212.9453,0.0,140.5,116.45,0.0,2.389,1.2879,2.7984,0.0
2025-11-20 20:25:07,Forkupines - Semantics_drums.wav,TEXT/BIN,47129.3047,0.0,142.26,122.77,0.0,2.7115,1.986,3.5639,45.8906
2025-11-20 20:25:12,Forkupines - Semantics_bass.wav,TEXT/BIN,47129.3047,0.0,142.55,115.71,0.0,3.0131,2.4863,3.8889,0.0
2025-11-20 20:25:18,Forkupines - Semantics_other.wav,TEXT/BIN,47129.3047,0.0,141.93,118.48,0.0,3.0908,1.8592,3.4981,45.8906
2025-11-20 20:25:23,Forkupines - Semantics_mixture.wav,TEXT/BIN,47129.3047,0.0,142.67,125.99,0.0,2.6606,1.769,3.262,0.0
2025-11-20 20:25:28,Forkupines - Semantics_vocals.wav,TEXT/BIN,47129.3047,0.0,142.15,117.73,0.0,3.2729,1.9361,4.1544,45.8906
2025-11-20 20:25:34,Georgia Wonder - Siren_bass.wav,TEXT/BIN,74138.8633,0.0,144.7,119.52,0.0,3.7437,2.8355,5.2146,0.0
2025-11-20 20:25:41,Georgia Wonder - Siren_drums.wav,TEXT/BIN,74138.8633,0.0,143.95,120.47,0.0,4.8203,2.8633,6.0193,0.0
2025-11-20 20:25:49,Georgia Wonder - Siren_mixture.wav,TEXT/BIN,74138.8633,0.0,143.85,125.41,0.0,5.5303,4.0387,6.5012,0.0
2025-11-20 20:25:59,Georgia Wonder - Siren_vocals.wav,TEXT/BIN,74138.8633,0.0,143.7,119.12,0.0,3.9151,2.9573,5.392,0.0
2025-11-20 20:26:07,Georgia Wonder - Siren_other.wav,TEXT/BIN,74138.8633,0.0,143.6,119.16,0.0,4.6444,2.7733,5.8796,0.0078
2025-11-20 20:26:15,Girls Under Glass - We Feel Alright_bass.wav,TEXT/BIN,54656.6953,0.0,142.74,119.65,0.0,2.7853,2.0474,3.7337,7.3438
2025-11-20 20:26:20,Girls Under Glass - We Feel Alright_drums.wav,TEXT/BIN,54656.6953,0.0,142.85,120.75,0.0,3.5901,2.1343,4.6621,0.0
2025-11-20 20:26:26,Girls Under Glass - We Feel Alright_mixture.wav,TEXT/BIN,54656.6953,0.0,142.52,124.67,0.0,2.9845,2.0545,3.7594,53.2422
2025-11-20 20:26:32,Girls Under Glass - We Feel Alright_vocals.wav,TEXT/BIN,54656.6953,0.0,143.08,114.15,0.0,3.5496,2.524,4.7964,0.0
2025-11-20 20:26:38,Girls Under Glass - We Feel Alright_other.wav,TEXT/BIN,54656.6953,0.0,142.79,119.01,0.0,3.2396,2.084,3.8272,53.2383
2025-11-20 20:26:44,Hollow Ground - Ill Fate_drums.wav,TEXT/BIN,24405.6211,0.0,139.35,114.24,0.0,1.2752,0.9586,1.6891,0.0
2025-11-20 20:26:46,Hollow Ground - Ill Fate_bass.wav,TEXT/BIN,24405.6211,0.0,139.57,115.72,0.0,1.7894,1.2038,2.2756,0.0
2025-11-20 20:26:50,Hollow Ground - Ill Fate_mixture.wav,TEXT/BIN,24405.6211,0.0,139.02,121.5,0.0,1.3675,0.8924,1.6183,0.0
2025-11-20 20:26:52,James Elder & Mark M Thompson - The English Actor_bass.wav,TEXT/BIN,35396.0156,0.0,140.85,108.38,0.0,1.816,1.2647,2.3408,34.4336
2025-11-20 20:26:55,Hollow Ground - Ill Fate_vocals.wav,TEXT/BIN,24405.6211,0.0,139.4,110.37,0.0,1.4241,0.8664,1.6727,0.0
2025-11-20 20:26:58,Hollow Ground - Ill Fate_other.wav,TEXT/BIN,24405.6211,0.0,138.72,118.5,0.0,1.5496,1.384,2.2533,0.0
2025-11-20 20:27:01,James Elder & Mark M Thompson - The English Actor_drums.wav,TEXT/BIN,35396.0156,0.0,141.07,115.48,0.0,2.1204,1.278,2.3695,34.4336
2025-11-20 20:27:05,James Elder & Mark M Thompson - The English Actor_vocals.wav,TEXT/BIN,35396.0156,0.0,141.69,117.85,0.0,2.22,1.2696,2.314,0.0
2025-11-20 20:27:09,James Elder & Mark M Thompson - The English Actor_other.wav,TEXT/BIN,35396.0156,0.0,141.02,116.74,0.0,1.941,1.3611,2.448,34.4336
2025-11-20 20:27:12,James Elder & Mark M Thompson - The English Actor_mixture.wav,TEXT/BIN,35396.0156,0.0,140.39,120.89,0.0,2.4435,1.3158,2.8831,0.0
2025-11-20 20:27:16,Juliet's Rescue - Heartbeats_drums.wav,TEXT/BIN,46107.2461,0.0,140.9,120.55,0.0,2.5265,1.8303,3.4115,44.8945
2025-11-20 20:27:21,Juliet's Rescue - Heartbeats_bass.wav,TEXT/BIN,46107.2461,0.0,141.84,110.94,0.0,2.7982,2.2565,3.5558,0.0
2025-11-20 20:27:27,Juliet's Rescue - Heartbeats_mixture.wav,TEXT/BIN,46107.2461,0.0,142.11,124.37,0.0,2.4502,1.8578,3.3856,44.8945
2025-11-20 20:27:31,Juliet's Rescue - Heartbeats_other.wav,TEXT/BIN,46107.2461,0.0,141.79,117.84,0.0,2.518,1.7344,3.1285,0.0
2025-11-20 20:27:36,Juliet's Rescue - Heartbeats_vocals.wav,TEXT/BIN,46107.2461,0.0,141.79,116.12,0.0,3.4323,2.2427,4.2339,44.8945
2025-11-20 20:27:42,Little Chicago's Finest - My Own_bass.wav,TEXT/BIN,48512.043,0.0,142.27,108.73,0.0,2.6585,1.8946,3.5747,2.3398
2025-11-20 20:27:47,Little Chicago's Finest - My Own_mixture.wav,TEXT/BIN,48512.043,0.0,141.96,120.84,0.0,2.1708,1.9539,3.3645,0.0
2025-11-20 20:27:51,Little Chicago's Finest - My Own_drums.wav,TEXT/BIN,48512.043,0.0,141.66,118.84,0.0,2.9456,2.1814,3.7556,47.2422
2025-11-20 20:27:57,Little Chicago's Finest - My Own_vocals.wav,TEXT/BIN,48512.043,0.0,141.85,114.04,0.0,2.5614,1.8532,3.2975,0.0
2025-11-20 20:28:02,Little Chicago's Finest - My Own_other.wav,TEXT/BIN,48512.043,0.0,142.06,108.27,0.0,3.2062,2.3148,4.3447,47.2422
2025-11-20 20:28:08,Louis Cressy Band - Good Time_drums.wav,TEXT/BIN,50443.1094,0.0,141.93,116.68,0.0,2.6968,1.9834,3.6337,1.8789
2025-11-20 20:28:13,Louis Cressy Band - Good Time_bass.wav,TEXT/BIN,50443.1094,0.0,142.28,112.67,0.0,2.4094,2.3782,3.7694,0.0
2025-11-20 20:28:18,Louis Cressy Band - Good Time_mixture.wav,TEXT/BIN,50443.1094,0.0,142.97,122.44,0.0,2.6646,2.0209,3.666,49.1289
2025-11-20 20:28:23,Louis Cressy Band - Good Time_other.wav,TEXT/BIN,50443.1094,0.0,142.67,117.8,0.0,2.7418,1.8342,3.3571,0.0
2025-11-20 20:28:28,Louis Cressy Band - Good Time_vocals.wav,TEXT/BIN,50443.1094,0.0,142.55,114.32,0.0,3.0332,2.3143,4.48,49.1289
2025-11-20 20:28:34,Lyndsey Ollard - Catching Up_drums.wav,TEXT/BIN,39178.168,0.0,141.18,106.72,0.0,2.3207,1.4346,2.5865,0.0
2025-11-20 20:28:38,Lyndsey Ollard - Catching Up_bass.wav,TEXT/BIN,39178.168,0.0,140.78,101.17,0.0,2.0904,1.4008,2.5635,38.1289
2025-11-20 20:28:42,Lyndsey Ollard - Catching Up_vocals.wav,TEXT/BIN,39178.168,0.0,141.57,113.82,0.0,3.1337,1.4218,3.2026,0.0
2025-11-20 20:28:47,Lyndsey Ollard - Catching Up_other.wav,TEXT/BIN,39178.168,0.0,141.57,110.24,0.0,2.3566,1.4083,2.5908,38.1289
2025-11-20 20:28:51,Lyndsey Ollard - Catching Up_mixture.wav,TEXT/BIN,39178.168,0.0,141.51,116.15,0.0,2.2354,1.4417,2.593,0.0
2025-11-20 20:28:55,M.E.R.C. Music - Knockout_drums.wav,TEXT/BIN,46511.7617,0.0,142.62,116.33,0.0,3.3498,1.816,3.9701,45.2891
2025-11-20 20:29:00,M.E.R.C. Music - Knockout_bass.wav,TEXT/BIN,46511.7617,0.0,142.37,112.43,0.0,2.5301,1.6591,3.036,0.0
2025-11-20 20:29:05,M.E.R.C. Music - Knockout_other.wav,TEXT/BIN,46511.7617,0.0,142.43,115.89,0.0,2.7426,2.7484,4.4066,45.2891
2025-11-20 20:29:11,M.E.R.C. Music - Knockout_mixture.wav,TEXT/BIN,46511.7617,0.0,141.98,121.65,0.0,2.1248,1.7259,3.059,0.0
2025-11-20 20:29:15,Moosmusic - Big Dummy Shake_bass.wav,TEXT/BIN,34256.293,0.0,140.1,115.3,0.0,1.7147,1.217,2.2625,33.3203
2025-11-20 20:29:18,M.E.R.C. Music - Knockout_vocals.wav,TEXT/BIN,46511.7617,0.0,142.32,117.98,0.0,2.379,2.7375,4.2046,11.9609
2025-11-20 20:29:24,Moosmusic - Big Dummy Shake_mixture.wav,TEXT/BIN,34256.293,0.0,140.82,124.1,0.0,1.7057,1.2115,2.202,0.0
2025-11-20 20:29:27,Moosmusic - Big Dummy Shake_drums.wav,TEXT/BIN,34256.293,0.0,140.71,120.2,0.0,1.9266,1.2444,2.2668,33.3203
2025-11-20 20:29:30,Moosmusic - Big Dummy Shake_other.wav,TEXT/BIN,34256.293,0.0,140.29,117.27,0.0,1.7544,1.2507,2.2535,0.0
2025-11-20 20:29:33,Moosmusic - Big Dummy Shake_vocals.wav,TEXT/BIN,34256.293,0.0,140.39,116.54,0.0,2.4731,1.3992,2.8946,33.3203
2025-11-20 20:29:38,Motor Tapes - Shore_drums.wav,TEXT/BIN,42501.9727,0.0,141.75,110.71,0.0,2.6222,1.6517,3.0273,8.0469
2025-11-20 20:29:42,Motor Tapes - Shore_bass.wav,TEXT/BIN,42501.9727,0.0,142.29,115.55,0.0,3.422,2.084,3.3065,0.0
2025-11-20 20:29:48,Motor Tapes - Shore_vocals.wav,TEXT/BIN,42501.9727,0.0,141.54,117.95,0.0,2.418,1.6664,3.082,41.375
2025-11-20 20:29:53,Motor Tapes - Shore_other.wav,TEXT/BIN,42501.9727,0.0,141.33,119.98,0.0,2.267,1.5551,2.7962,0.0
2025-11-20 20:29:57,Motor Tapes - Shore_mixture.wav,TEXT/BIN,42501.9727,0.0,141.75,123.4,0.0,2.7644,2.4839,3.8131,41.375
2025-11-20 20:30:02,Mu - Too Bright_drums.wav,TEXT/BIN,46884.7461,0.0,141.46,119.94,0.0,2.7994,1.8565,3.4115,4.2695
2025-11-20 20:30:07,Mu - Too Bright_mixture.wav,TEXT/BIN,46884.7461,0.0,142.07,123.06,0.0,2.7475,1.7183,3.1231,0.0
2025-11-20 20:30:12,Mu - Too Bright_bass.wav,TEXT/BIN,46884.7461,0.0,141.86,110.82,0.0,3.3094,1.8639,3.946,45.6602
2025-11-20 20:30:18,Mu - Too Bright_vocals.wav,TEXT/BIN,46884.7461,0.0,142.07,116.31,0.0,2.4432,2.1304,3.1478,0.0
2025-11-20 20:30:23,Mu - Too Bright_other.wav,TEXT/BIN,46884.7461,0.0,142.53,115.67,0.0,3.2295,2.5736,4.2021,45.6523
2025-11-20 20:30:29,Nerve 9 - Pray For The Rain_drums.wav,TEXT/BIN,59210.1992,0.0,142.72,116.33,0.0,3.3558,2.2265,4.1694,12.0312
2025-11-20 20:30:35,Nerve 9 - Pray For The Rain_bass.wav,TEXT/BIN,59210.1992,0.0,142.92,116.32,0.0,3.2919,3.2518,5.1039,0.0
2025-11-20 20:30:42,Nerve 9 - Pray For The Rain_mixture.wav,TEXT/BIN,59210.1992,0.0,143.6,124.57,0.0,2.8398,2.221,4.0752,57.6914
2025-11-20 20:30:47,Nerve 9 - Pray For The Rain_vocals.wav,TEXT/BIN,59210.1992,0.0,142.77,118.45,0.0,3.3439,3.382,5.107,0.0
2025-11-20 20:30:55,Nerve 9 - Pray For The Rain_other.wav,TEXT/BIN,59210.1992,0.0,143.54,119.8,0.0,3.3008,2.2193,4.0539,57.6914
2025-11-20 20:31:00,PR - Happy Daze_bass.wav,TEXT/BIN,28028.2539,0.0,140.17,114.36,0.0,1.6014,1.0275,1.8429,0.0
2025-11-20 20:31:03,PR - Happy Daze_mixture.wav,TEXT/BIN,28028.2598,0.0,139.73,124.9,0.0,2.0836,1.4705,2.6606,0.0
2025-11-20 20:31:07,PR - Happy Daze_other.wav,TEXT/BIN,28028.2559,0.0,139.04,110.72,0.0,1.8104,1.0034,1.8508,0.0
2025-11-20 20:31:10,PR - Happy Daze_drums.wav,TEXT/BIN,28028.2559,0.0,140.29,124.83,0.0,1.8597,1.0203,1.8479,0.0117
2025-11-20 20:31:13,PR - Happy Daze_vocals.wav,TEXT/BIN,28028.2578,0.0,139.57,98.54,0.0,1.591,1.0276,1.8836,0.0
2025-11-20 20:31:16,PR - Oh No_bass.wav,TEXT/BIN,13125.9453,0.0,136.6,115.57,0.0,0.8602,0.7939,1.2713,12.8164
2025-11-20 20:31:18,PR - Oh No_other.wav,TEXT/BIN,13125.9473,0.0,136.6,111.62,0.0,1.2777,0.6135,1.2301,12.8164
2025-11-20 20:31:20,PR - Oh No_drums.wav,TEXT/BIN,13125.9473,0.0,135.98,116.52,0.0,0.9446,0.4859,0.9016,12.8164
2025-11-20 20:31:21,PR - Oh No_mixture.wav,TEXT/BIN,13125.9492,0.0,136.18,118.63,0.0,1.0327,0.4997,0.9082,12.8164
2025-11-20 20:31:23,PR - Oh No_vocals.wav,TEXT/BIN,13125.9492,0.0,136.76,101.51,0.0,1.0726,0.4698,0.8706,12.8164
2025-11-20 20:31:25,Punkdisco - Oral Hygiene_bass.wav,TEXT/BIN,38173.7969,0.0,140.62,117.69,0.0,1.8258,1.4163,2.637,37.1484
2025-11-20 20:31:28,Punkdisco - Oral Hygiene_mixture.wav,TEXT/BIN,38173.7969,0.0,140.67,121.68,0.0,2.9679,1.7753,3.4483,0.0
2025-11-20 20:31:33,Punkdisco - Oral Hygiene_drums.wav,TEXT/BIN,38173.7969,0.0,140.25,118.17,0.0,2.7886,1.4006,2.5283,37.1484
2025-11-20 20:31:38,Punkdisco - Oral Hygiene_vocals.wav,TEXT/BIN,38173.7969,0.0,141.64,110.12,0.0,2.2203,1.3908,2.5683,0.0
2025-11-20 20:31:42,Punkdisco - Oral Hygiene_other.wav,TEXT/BIN,38173.7969,0.0,141.02,107.96,0.0,2.6077,1.8071,3.4409,37.1484
2025-11-20 20:31:47,Raft Monk - Tiring_mixture.wav,TEXT/BIN,36562.6523,0.0,141.89,124.87,0.0,2.1942,1.3479,2.4296,0.0
2025-11-20 20:31:50,Raft Monk - Tiring_drums.wav,TEXT/BIN,36562.6523,0.0,141.7,117.75,0.0,2.0016,1.3155,2.4013,35.5742
2025-11-20 20:31:54,Raft Monk - Tiring_bass.wav,TEXT/BIN,36562.6523,0.0,141.21,119.03,0.0,2.6534,1.9038,3.3341,0.0
2025-11-20 20:31:59,Sambasevam Shanmugam - Kaathaadi_bass.wav,TEXT/BIN,54759.7461,0.0,143.26,120.5,0.0,2.6515,2.1186,3.9244,53.3438
2025-11-20 20:32:04,Raft Monk - Tiring_vocals.wav,TEXT/BIN,36562.6523,0.0,140.99,116.42,0.0,2.0977,1.3242,2.4044,0.0
2025-11-20 20:32:08,Raft Monk - Tiring_other.wav,TEXT/BIN,36562.6523,0.0,140.88,118.79,0.0,2.8619,1.3786,3.0212,35.5742
2025-11-20 20:32:12,Sambasevam Shanmugam - Kaathaadi_drums.wav,TEXT/BIN,54759.7461,0.0,142.64,115.1,0.0,2.7009,2.1458,3.9622,17.7695
2025-11-20 20:32:18,Sambasevam Shanmugam - Kaathaadi_mixture.wav,TEXT/BIN,54759.7461,0.0,142.58,124.76,0.0,3.1674,3.155,4.8794,0.0
2025-11-20 20:32:24,Sambasevam Shanmugam - Kaathaadi_other.wav,TEXT/BIN,54759.7461,0.0,142.97,116.79,0.0,2.5751,2.1002,3.8486,53.3438
2025-11-20 20:32:30,Secretariat - Borderline_bass.wav,TEXT/BIN,49413.6836,0.0,141.84,115.46,0.0,2.3507,1.7857,3.2632,0.0
2025-11-20 20:32:34,Sambasevam Shanmugam - Kaathaadi_vocals.wav,TEXT/BIN,54759.7461,0.0,142.38,120.88,0.0,3.3371,2.172,4.3957,53.3438
2025-11-20 20:32:40,Secretariat - Borderline_drums.wav,TEXT/BIN,49413.6836,0.0,141.88,113.91,0.0,2.6063,1.7927,3.2578,0.0
2025-11-20 20:32:45,Secretariat - Borderline_mixture.wav,TEXT/BIN,49413.6836,0.0,141.6,123.79,0.0,3.6915,2.236,4.3749,48.1211
2025-11-20 20:32:51,Secretariat - Borderline_other.wav,TEXT/BIN,49413.6836,0.0,141.93,121.3,0.0,2.2372,1.8269,3.2442,0.0
2025-11-20 20:32:56,Secretariat - Over The Top_bass.wav,TEXT/BIN,43255.2305,0.0,142.3,122.19,0.0,2.2233,1.7654,3.2015,42.1094
2025-11-20 20:33:00,Secretariat - Borderline_vocals.wav,TEXT/BIN,49413.6836,0.0,142.04,118.13,0.0,3.0861,1.8964,3.9988,6.0039
2025-11-20 20:33:06,Secretariat - Over The Top_mixture.wav,TEXT/BIN,43255.2305,0.0,141.56,125.29,0.0,2.4498,1.6032,2.8873,0.0
2025-11-20 20:33:10,Secretariat - Over The Top_drums.wav,TEXT/BIN,43255.2305,0.0,141.89,119.4,0.0,2.3934,2.6099,3.9623,42.1172
2025-11-20 20:33:15,Secretariat - Over The Top_vocals.wav,TEXT/BIN,43255.2305,0.0,142.97,117.87,0.0,2.1819,2.2743,3.5006,0.0
2025-11-20 20:33:21,Secretariat - Over The Top_other.wav,TEXT/BIN,43255.2305,0.0,142.9,119.99,0.0,4.7583,4.6209,7.4211,42.1094
2025-11-20 20:33:31,Side Effects Project - Sing With Me_bass.wav,TEXT/BIN,41978.2539,0.0,141.59,111.99,0.0,2.4328,1.9424,3.1734,0.0
2025-11-20 20:33:35,Side Effects Project - Sing With Me_mixture.wav,TEXT/BIN,41978.2539,0.0,141.99,122.89,0.0,1.9976,1.6138,2.9229,40.8633
2025-11-20 20:33:39,Side Effects Project - Sing With Me_other.wav,TEXT/BIN,41978.2539,0.0,142.43,107.71,0.0,3.0922,1.9743,3.7646,0.0
2025-11-20 20:33:45,Side Effects Project - Sing With Me_drums.wav,TEXT/BIN,41978.2539,0.0,141.93,119.56,0.0,2.2421,1.601,2.9231,40.8633
2025-11-20 20:33:49,Signe Jakobsen - What Have You Done To Me_bass.wav,TEXT/BIN,30559.5039,0.0,140.16,112.46,0.0,1.8157,1.1076,2.0042,0.0
2025-11-20 20:33:52,Signe Jakobsen - What Have You Done To Me_drums.wav,TEXT/BIN,30559.5039,0.0,141.18,113.88,0.0,1.4243,1.6831,2.5822,0.0
2025-11-20 20:33:56,Side Effects Project - Sing With Me_vocals.wav,TEXT/BIN,41978.2539,0.0,141.65,118.74,0.0,2.3469,1.659,2.9718,40.8633
2025-11-20 20:34:00,Signe Jakobsen - What Have You Done To Me_other.wav,TEXT/BIN,30559.5039,0.0,140.27,117.07,0.0,1.595,1.1144,1.9884,0.0
2025-11-20 20:34:03,Signe Jakobsen - What Have You Done To Me_vocals.wav,TEXT/BIN,30559.5039,0.0,139.95,115.71,0.0,1.7029,1.0824,1.9739,0.0
2025-11-20 20:34:06,Signe Jakobsen - What Have You Done To Me_mixture.wav,TEXT/BIN,30559.5039,0.0,140.1,120.92,0.0,2.108,1.4923,2.8201,0.0
2025-11-20 20:34:10,Skelpolu - Resurrection_bass.wav,TEXT/BIN,68159.1641,0.0,143.28,124.45,0.0,3.6964,2.5044,4.8403,20.6797
2025-11-20 20:34:17,Skelpolu - Resurrection_drums.wav,TEXT/BIN,68159.1641,0.0,143.7,120.6,0.0,4.4175,2.9694,5.5938,0.0
2025-11-20 20:34:25,Skelpolu - Resurrection_other.wav,TEXT/BIN,68159.1641,0.0,144.66,117.6,0.0,3.2588,2.5257,4.5995,0.0
2025-11-20 20:34:31,Skelpolu - Resurrection_mixture.wav,TEXT/BIN,68159.1641,0.0,144.28,127.28,0.0,3.737,2.7704,5.5163,0.0
2025-11-20 20:34:38,Speak Softly - Broken Man_bass.wav,TEXT/BIN,43610.8398,0.0,141.39,118.64,0.0,2.2919,1.7532,3.205,21.7852
2025-11-20 20:34:42,Skelpolu - Resurrection_vocals.wav,TEXT/BIN,68159.1641,0.0,145.02,28.5,0.0,3.187,3.5509,5.5998,0.0
2025-11-20 20:34:50,Speak Softly - Broken Man_drums.wav,TEXT/BIN,43610.8398,0.0,140.92,115.48,0.0,11.5318,2.4118,10.4122,0.0
2025-11-20 20:35:04,Speak Softly - Broken Man_other.wav,TEXT/BIN,43610.8398,0.0,141.49,116.34,0.0,3.2021,1.8042,3.4332,42.457
2025-11-20 20:35:10,Speak Softly - Broken Man_mixture.wav,TEXT/BIN,43610.8398,0.0,141.49,122.54,0.0,2.8614,1.9695,3.3375,0.0
2025-11-20 20:35:15,Speak Softly - Broken Man_vocals.wav,TEXT/BIN,43610.8398,0.0,141.65,113.42,0.0,2.8578,1.7776,3.6399,42.457
2025-11-20 20:35:20,Speak Softly - Like Horses_bass.wav,TEXT/BIN,53861.7617,0.0,142.41,117.2,0.0,3.1474,2.0448,3.9919,10.0
2025-11-20 20:35:26,Speak Softly - Like Horses_drums.wav,TEXT/BIN,53861.7617,0.0,142.51,115.51,0.0,4.2566,2.6493,5.3082,0.0
2025-11-20 20:35:33,Speak Softly - Like Horses_mixture.wav,TEXT/BIN,53861.7617,0.0,141.97,123.93,0.0,2.785,2.2187,3.9525,52.4648
2025-11-20 20:35:38,Speak Softly - Like Horses_vocals.wav,TEXT/BIN,53861.7617,0.0,141.84,119.01,0.0,4.3174,2.2834,4.969,0.0
2025-11-20 20:35:45,Speak Softly - Like Horses_other.wav,TEXT/BIN,53861.7617,0.0,142.16,119.53,0.0,3.1332,2.0735,3.8958,52.4648
2025-11-20 20:35:51,The Doppler Shift - Atrophy_bass.wav,TEXT/BIN,57096.1016,0.0,141.79,113.1,0.0,4.1741,2.1815,4.8394,3.1523
2025-11-20 20:35:58,The Doppler Shift - Atrophy_mixture.wav,TEXT/BIN,57096.1016,0.0,143.44,125.92,0.0,3.8825,2.2173,4.209,0.0
2025-11-20 20:36:04,The Doppler Shift - Atrophy_drums.wav,TEXT/BIN,57096.1016,0.0,142.41,121.77,0.0,4.0248,2.1213,4.8109,55.625
2025-11-20 20:36:11,The Doppler Shift - Atrophy_other.wav,TEXT/BIN,57096.1016,0.0,142.87,119.38,0.0,3.097,2.2969,4.2176,0.0
2025-11-20 20:36:17,The Easton Ellises (Baumi) - SDRNR_bass.wav,TEXT/BIN,40428.043,0.0,141.88,117.02,0.0,2.3554,2.332,3.6535,39.3477
2025-11-20 20:36:22,The Easton Ellises (Baumi) - SDRNR_drums.wav,TEXT/BIN,40428.043,0.0,141.88,119.87,0.0,2.198,1.468,2.71,0.0
2025-11-20 20:36:26,The Doppler Shift - Atrophy_vocals.wav,TEXT/BIN,57096.1016,0.0,143.04,117.97,0.0,3.2941,2.1201,4.146,55.625
2025-11-20 20:36:32,The Easton Ellises (Baumi) - SDRNR_other.wav,TEXT/BIN,40428.043,0.0,141.43,117.27,0.0,2.8912,1.4524,3.169,0.0
2025-11-20 20:36:36,The Easton Ellises (Baumi) - SDRNR_mixture.wav,TEXT/BIN,40428.043,0.0,141.32,123.6,0.0,2.6255,1.491,2.7971,39.3477
2025-11-20 20:36:41,The Easton Ellises (Baumi) - SDRNR_vocals.wav,TEXT/BIN,40428.043,0.0,141.11,116.55,0.0,2.7556,2.0324,3.3382,0.0
2025-11-20 20:36:46,The Easton Ellises - Falcon 69_bass.wav,TEXT/BIN,42548.043,0.0,141.54,117.98,0.0,2.5286,1.7097,3.2088,41.418
2025-11-20 20:36:51,The Easton Ellises - Falcon 69_drums.wav,TEXT/BIN,42548.043,0.0,140.95,120.16,0.0,2.3118,1.5457,2.7925,0.0
2025-11-20 20:36:55,The Easton Ellises - Falcon 69_mixture.wav,TEXT/BIN,42548.043,0.0,141.99,125.51,0.0,2.6265,2.5618,3.8321,41.418
2025-11-20 20:37:00,The Easton Ellises - Falcon 69_vocals.wav,TEXT/BIN,42548.043,0.0,141.44,118.22,0.0,2.3727,1.5438,2.8193,0.0
2025-11-20 20:37:05,The Easton Ellises - Falcon 69_other.wav,TEXT/BIN,42548.043,0.0,141.54,118.62,0.0,2.3749,1.6346,3.0242,41.418
2025-11-20 20:37:09,The Long Wait - Dark Horses_bass.wav,TEXT/BIN,52665.25,0.0,142.11,116.1,0.0,4.1162,2.6809,4.6775,9.8789
2025-11-20 20:37:16,The Long Wait - Dark Horses_drums.wav,TEXT/BIN,52665.25,0.0,142.8,114.84,0.0,2.5601,2.0282,3.7283,0.0
2025-11-20 20:37:21,The Long Wait - Dark Horses_other.wav,TEXT/BIN,52665.25,0.0,142.97,117.59,0.0,3.7602,2.3729,4.5797,51.2969
2025-11-20 20:37:28,The Long Wait - Dark Horses_mixture.wav,TEXT/BIN,52665.25,0.0,142.52,121.79,0.0,2.9178,2.0132,3.6842,0.0
2025-11-20 20:37:33,The Mountaineering Club - Mallory_bass.wav,TEXT/BIN,42112.0664,0.0,140.86,115.92,0.0,2.234,2.3765,3.5879,40.9922
2025-11-20 20:37:38,The Long Wait - Dark Horses_vocals.wav,TEXT/BIN,52665.25,0.0,142.06,113.63,0.0,2.8992,2.0385,3.8844,10.2969
2025-11-20 20:37:44,The Mountaineering Club - Mallory_mixture.wav,TEXT/BIN,42112.0664,0.0,141.39,120.58,0.0,2.0798,1.5087,2.7687,0.0
2025-11-20 20:37:48,The Mountaineering Club - Mallory_drums.wav,TEXT/BIN,42112.0664,0.0,141.34,114.05,0.0,2.3639,2.1815,3.7899,40.9883
2025-11-20 20:37:52,The Mountaineering Club - Mallory_other.wav,TEXT/BIN,42112.0664,0.0,141.29,114.36,0.0,2.3889,1.5258,2.7591,0.0
2025-11-20 20:37:57,The Mountaineering Club - Mallory_vocals.wav,TEXT/BIN,42112.0664,0.0,141.04,111.8,0.0,2.0456,1.7247,3.066,40.9922
2025-11-20 20:38:01,The Sunshine Garcia Band - For I Am The Moon_bass.wav,TEXT/BIN,55176.1484,0.0,143.24,119.82,0.0,4.0535,2.2059,4.9001,12.75
2025-11-20 20:38:07,The Sunshine Garcia Band - For I Am The Moon_drums.wav,TEXT/BIN,55176.1484,0.0,142.03,119.34,0.0,3.3171,2.2945,4.1291,0.0
2025-11-20 20:38:14,The Sunshine Garcia Band - For I Am The Moon_mixture.wav,TEXT/BIN,55176.1484,0.0,141.9,123.53,0.0,3.5077,2.4264,4.8849,53.75
2025-11-20 20:38:20,The Sunshine Garcia Band - For I Am The Moon_other.wav,TEXT/BIN,55176.1484,0.0,143.3,112.58,0.0,2.8328,2.2166,4.0567,0.0
2025-11-20 20:38:25,Timboz - Pony_bass.wav,TEXT/BIN,43591.6406,0.0,141.19,110.85,0.0,3.8209,2.2287,4.1038,42.4375
2025-11-20 20:38:32,The Sunshine Garcia Band - For I Am The Moon_vocals.wav,TEXT/BIN,55176.1484,0.0,142.94,118.78,0.0,2.7776,2.1397,3.9104,11.3047
2025-11-20 20:38:37,Timboz - Pony_other.wav,TEXT/BIN,43591.6406,0.0,141.98,121.55,0.0,2.6586,2.0664,3.3349,0.0
2025-11-20 20:38:42,Timboz - Pony_drums.wav,TEXT/BIN,43591.6406,0.0,141.98,116.57,0.0,2.4975,1.7691,3.3832,42.4336
2025-11-20 20:38:47,Timboz - Pony_mixture.wav,TEXT/BIN,43591.6406,0.0,141.59,123.15,0.0,1.9558,1.6043,2.9151,0.0
2025-11-20 20:38:51,Timboz - Pony_vocals.wav,TEXT/BIN,43591.6406,0.0,141.44,112.83,0.0,2.1202,2.3251,3.7643,42.4375
2025-11-20 20:38:56,Tom McKenzie - Directions_bass.wav,TEXT/BIN,30293.4141,0.0,140.34,111.64,0.0,1.5489,1.0741,1.9304,0.0
2025-11-20 20:38:58,Tom McKenzie - Directions_mixture.wav,TEXT/BIN,30293.4141,0.0,139.86,118.27,0.0,1.3868,1.1054,2.0033,0.0
2025-11-20 20:39:01,Tom McKenzie - Directions_other.wav,TEXT/BIN,30293.4141,0.0,140.07,111.74,0.0,1.852,1.192,2.0763,0.0
2025-11-20 20:39:04,Tom McKenzie - Directions_vocals.wav,TEXT/BIN,30293.4141,0.0,140.82,111.35,0.0,1.7189,1.8393,2.6032,0.0
2025-11-20 20:39:08,Tom McKenzie - Directions_drums.wav,TEXT/BIN,30293.4141,0.0,139.66,114.52,0.0,1.5585,1.1093,2.0794,0.0
2025-11-20 20:39:11,Triviul feat. The Fiend - Widow_bass.wav,TEXT/BIN,40501.3594,0.0,140.55,115.82,0.0,2.4927,1.5338,2.8164,39.4258
2025-11-20 20:39:16,Triviul feat. The Fiend - Widow_drums.wav,TEXT/BIN,40501.3594,0.0,140.47,112.63,0.0,1.95,1.5467,2.741,0.0
2025-11-20 20:39:20,Triviul feat. The Fiend - Widow_mixture.wav,TEXT/BIN,40501.3594,0.0,140.92,120.69,0.0,2.642,1.5168,3.3563,39.418
2025-11-20 20:39:24,Triviul feat. The Fiend - Widow_other.wav,TEXT/BIN,40501.3594,0.0,140.64,109.86,0.0,2.1346,1.496,2.7154,0.0
2025-11-20 20:39:28,Triviul feat. The Fiend - Widow_vocals.wav,TEXT/BIN,40501.3594,0.0,140.73,116.32,0.0,2.3723,1.5003,2.7067,39.418
2025-11-20 20:39:32,We Fell From The Sky - Not You_mixture.wav,TEXT/BIN,35813.6055,0.0,140.79,121.35,0.0,2.464,1.3334,2.9458,0.0
2025-11-20 20:39:36,We Fell From The Sky - Not You_drums.wav,TEXT/BIN,35813.6055,0.0,141.01,117.86,0.0,2.2435,1.3356,2.3943,34.8398
2025-11-20 20:39:40,We Fell From The Sky - Not You_bass.wav,TEXT/BIN,35813.6055,0.0,141.01,108.6,0.0,1.8128,1.2952,2.3653,0.0
2025-11-20 20:39:44,We Fell From The Sky - Not You_other.wav,TEXT/BIN,35813.6055,0.0,140.49,117.07,0.0,2.5119,1.9574,3.372,34.8398
2025-11-20 20:39:49,We Fell From The Sky - Not You_vocals.wav,TEXT/BIN,35813.6055,0.0,140.85,112.14,0.0,1.4758,1.3064,2.3614,0.0
2025-11-20 20:39:52,Zeno - Signs_bass.wav,TEXT/BIN,40376.3359,0.0,141.42,112.25,0.0,2.1771,1.5044,2.7203,39.2969
2025-11-20 20:39:56,Zeno - Signs_mixture.wav,TEXT/BIN,40376.3359,0.0,141.64,122.79,0.0,1.9322,2.0618,3.2207,0.0
2025-11-20 20:40:00,Zeno - Signs_drums.wav,TEXT/BIN,40376.3359,0.0,141.88,117.82,0.0,2.3056,1.4777,2.691,39.2969
2025-11-20 20:40:04,Zeno - Signs_other.wav,TEXT/BIN,40376.3359,0.0,141.48,118.18,0.0,2.3995,1.5238,2.7165,0.0
2025-11-20 20:40:08,Zeno - Signs_vocals.wav,TEXT/BIN,40376.3359,0.0,141.37,116.49,0.0,2.0156,2.1349,3.2625,39.2969
